lottery_type,date,draw,main_numbers,supplementary,source
Saturday Lotto,2025-03-29,4559,1 3 17 21 36 41 ,24 30 ,ozlotteries.com
Saturday Lotto,2025-03-22,4557,11 16 29 34 42 45 ,14 18 ,ozlotteries.com
Saturday Lotto,2025-03-15,4555,3 13 15 16 27 30 ,19 33 ,ozlotteries.com
Saturday Lotto,2025-03-08,4553,2 16 18 28 29 38 ,4 25 ,ozlotteries.com
Saturday Lotto,2025-03-01,4551,3 6 11 12 13 37 ,2 44 ,ozlotteries.com
Saturday Lotto,2025-02-22,4549,2 5 26 28 31 39 ,7 8 ,ozlotteries.com
Saturday Lotto,2025-02-15,4547,8 18 19 31 41 43 ,9 11 ,ozlotteries.com
Saturday Lotto,2025-02-08,4545,6 15 25 35 40 42 ,20 38 ,ozlotteries.com
Saturday Lotto,2025-02-01,4543,1 7 8 12 18 41 ,16 32 ,ozlotteries.com
Saturday Lotto,2025-01-25,4541,8 12 15 21 28 34 ,3 44 ,ozlotteries.com
Saturday Lotto,2025-01-18,4539,7 11 15 19 34 45 ,32 42 ,ozlotteries.com
Saturday Lotto,2025-01-11,4537,6 8 18 19 29 38 ,15 45 ,ozlotteries.com
Saturday Lotto,2025-01-04,4535,8 10 19 23 31 33 ,13 42 ,ozlotteries.com
Saturday Lotto,2024-12-28,4533,4 12 26 29 40 41 ,31 34 ,ozlotteries.com
Saturday Lotto,2024-12-21,4531,9 18 25 27 38 44 ,7 23 ,ozlotteries.com
Saturday Lotto,2024-12-14,4529,6 7 11 21 30 35 ,13 29 ,ozlotteries.com
Saturday Lotto,2024-12-07,4527,1 7 11 13 16 35 ,5 14 ,ozlotteries.com
Saturday Lotto,2024-11-30,4525,8 13 16 30 39 41 ,28 38 ,ozlotteries.com
Saturday Lotto,2024-11-23,4523,3 6 17 25 40 42 ,7 28 ,ozlotteries.com
Saturday Lotto,2024-11-16,4521,5 6 8 29 38 44 ,1 9 ,ozlotteries.com
Saturday Lotto,2024-11-09,4519,5 6 30 37 39 43 ,17 45 ,ozlotteries.com
Saturday Lotto,2024-11-02,4517,1 3 6 10 18 42 ,5 40 ,ozlotteries.com
Saturday Lotto,2024-10-26,4515,1 25 29 35 42 43 ,19 31 ,ozlotteries.com
Saturday Lotto,2024-10-19,4513,5 15 22 26 33 43 ,4 11 ,ozlotteries.com
Saturday Lotto,2024-10-12,4511,2 8 10 21 28 45 ,27 30 ,ozlotteries.com
Saturday Lotto,2024-10-05,4509,13 15 18 24 27 30 ,26 41 ,ozlotteries.com
Saturday Lotto,2024-09-28,4507,15 19 29 34 37 40 ,6 44 ,ozlotteries.com
Saturday Lotto,2024-09-21,4505,6 21 24 29 32 42 ,25 30 ,ozlotteries.com
Saturday Lotto,2024-09-14,4503,6 14 22 32 34 38 ,19 41 ,ozlotteries.com
Saturday Lotto,2024-09-07,4501,7 13 15 16 20 38 ,26 41 ,ozlotteries.com
Saturday Lotto,2024-08-31,4499,4 6 15 20 32 39 ,1 30 ,ozlotteries.com
Saturday Lotto,2024-08-24,4497,5 8 42 43 44 45 ,24 32 ,ozlotteries.com
Saturday Lotto,2024-08-17,4495,1 3 15 23 25 41 ,11 45 ,ozlotteries.com
Saturday Lotto,2024-08-10,4493,4 10 37 38 42 45 ,15 36 ,ozlotteries.com
Saturday Lotto,2024-08-03,4491,10 11 12 13 41 45 ,28 40 ,ozlotteries.com
Saturday Lotto,2024-07-27,4489,4 11 20 27 37 45 ,10 15 ,ozlotteries.com
Saturday Lotto,2024-07-20,4487,17 23 25 29 30 31 ,6 14 ,ozlotteries.com
Saturday Lotto,2024-07-13,4485,1 2 18 21 24 36 ,14 27 ,ozlotteries.com
Saturday Lotto,2024-07-06,4483,3 4 15 20 26 44 ,7 35 ,ozlotteries.com
Saturday Lotto,2024-06-29,4481,10 21 24 30 44 45 ,28 31 ,ozlotteries.com
Saturday Lotto,2024-06-22,4479,2 22 35 37 38 40 ,9 44 ,ozlotteries.com
Saturday Lotto,2024-06-15,4477,12 23 34 36 38 40 ,8 30 ,ozlotteries.com
Saturday Lotto,2024-06-08,4475,3 13 14 24 30 32 ,33 40 ,ozlotteries.com
Saturday Lotto,2024-06-01,4473,5 21 22 28 39 42 ,13 29 ,ozlotteries.com
Saturday Lotto,2024-05-25,4471,8 10 22 35 36 38 ,11 23 ,ozlotteries.com
Saturday Lotto,2024-05-18,4469,9 13 20 26 32 43 ,14 34 ,ozlotteries.com
Saturday Lotto,2024-05-11,4467,17 20 21 31 41 44 ,18 37 ,ozlotteries.com
Saturday Lotto,2024-05-04,4465,5 12 14 26 29 42 ,9 41 ,ozlotteries.com
Saturday Lotto,2024-04-27,4463,1 7 20 26 34 39 ,8 10 ,ozlotteries.com
Saturday Lotto,2024-04-20,4461,6 16 19 25 43 44 ,4 14 ,ozlotteries.com
Saturday Lotto,2024-04-13,4459,1 3 16 18 19 25 ,7 33 ,ozlotteries.com
Saturday Lotto,2024-04-06,4457,5 6 14 36 37 45 ,28 31 ,ozlotteries.com
Saturday Lotto,2024-03-30,4455,9 12 15 42 43 44 ,18 36 ,ozlotteries.com
Saturday Lotto,2024-03-23,4453,1 12 16 17 19 32 ,27 34 ,ozlotteries.com
Saturday Lotto,2024-03-16,4451,3 17 28 35 40 44 ,26 33 ,ozlotteries.com
Saturday Lotto,2024-03-09,4449,2 3 11 17 25 31 ,15 24 ,ozlotteries.com
Saturday Lotto,2024-03-02,4447,5 8 15 18 19 30 ,7 26 ,ozlotteries.com
Saturday Lotto,2024-02-24,4445,16 17 26 38 39 42 ,32 37 ,ozlotteries.com
Saturday Lotto,2024-02-17,4443,7 11 22 25 28 34 ,32 35 ,ozlotteries.com
Saturday Lotto,2024-02-10,4441,1 2 12 13 20 42 ,3 15 ,ozlotteries.com
Saturday Lotto,2024-02-03,4439,3 11 19 22 23 29 ,20 30 ,ozlotteries.com
Saturday Lotto,2024-01-27,4437,5 8 13 24 29 36 ,15 40 ,ozlotteries.com
Saturday Lotto,2024-01-20,4435,11 22 27 33 35 37 ,1 8 ,ozlotteries.com
Saturday Lotto,2024-01-13,4433,8 33 37 39 40 41 ,2 35 ,ozlotteries.com
Saturday Lotto,2024-01-06,4431,12 13 17 34 36 42 ,38 41 ,ozlotteries.com
Saturday Lotto,2023-12-30,4429,2 3 11 23 38 39 ,22 35 ,ozlotteries.com
Saturday Lotto,2023-12-23,4427,1 20 24 31 37 39 ,19 41 ,ozlotteries.com
Saturday Lotto,2023-12-16,4425,8 12 13 17 39 41 ,27 32 ,ozlotteries.com
Saturday Lotto,2023-12-09,4423,9 11 25 32 33 44 ,2 20 ,ozlotteries.com
Saturday Lotto,2023-12-02,4421,10 14 21 22 23 42 ,7 11 ,ozlotteries.com
Saturday Lotto,2023-11-25,4419,17 20 30 36 37 44 ,4 19 ,ozlotteries.com
Saturday Lotto,2023-11-18,4417,7 8 15 16 26 31 ,6 44 ,ozlotteries.com
Saturday Lotto,2023-11-11,4415,1 2 23 24 28 30 ,29 39 ,ozlotteries.com
Saturday Lotto,2023-11-04,4413,1 5 14 15 34 42 ,40 45 ,ozlotteries.com
Saturday Lotto,2023-10-28,4411,12 13 14 18 30 35 ,2 43 ,ozlotteries.com
Saturday Lotto,2023-10-21,4409,2 7 12 29 30 31 ,9 33 ,ozlotteries.com
Saturday Lotto,2023-10-14,4407,7 10 11 23 24 38 ,4 14 ,ozlotteries.com
Saturday Lotto,2023-10-07,4405,18 23 25 28 35 37 ,8 16 ,ozlotteries.com
Saturday Lotto,2023-09-30,4403,6 20 27 29 43 45 ,9 36 ,ozlotteries.com
Saturday Lotto,2023-09-23,4401,4 13 16 21 29 45 ,6 11 ,ozlotteries.com
Saturday Lotto,2023-09-16,4399,11 23 27 28 37 41 ,1 2 ,ozlotteries.com
Saturday Lotto,2023-09-09,4397,7 9 11 14 15 29 ,17 23 ,ozlotteries.com
Saturday Lotto,2023-09-02,4395,9 16 32 37 40 41 ,26 30 ,ozlotteries.com
Saturday Lotto,2023-08-26,4393,6 10 18 32 33 37 ,21 23 ,ozlotteries.com
Saturday Lotto,2023-08-19,4391,14 16 24 34 41 44 ,21 30 ,ozlotteries.com
Saturday Lotto,2023-08-12,4389,5 10 30 32 34 42 ,19 45 ,ozlotteries.com
Saturday Lotto,2023-08-05,4387,1 2 18 24 36 43 ,9 31 ,ozlotteries.com
Saturday Lotto,2023-07-29,4385,3 14 32 37 42 45 ,17 20 ,ozlotteries.com
Saturday Lotto,2023-07-22,4383,1 5 14 26 32 33 ,8 37 ,ozlotteries.com
Saturday Lotto,2023-07-15,4381,18 25 31 32 37 39 ,12 34 ,ozlotteries.com
Saturday Lotto,2023-07-08,4379,5 26 29 34 37 41 ,31 42 ,ozlotteries.com
Saturday Lotto,2023-07-01,4377,6 7 19 21 26 38 ,13 36 ,ozlotteries.com
Saturday Lotto,2023-06-24,4375,4 8 21 29 30 37 ,38 45 ,ozlotteries.com
Saturday Lotto,2023-06-17,4373,8 24 27 36 39 41 ,22 26 ,ozlotteries.com
Saturday Lotto,2023-06-10,4371,2 11 12 23 42 43 ,7 44 ,ozlotteries.com
Saturday Lotto,2023-06-03,4369,1 12 24 26 37 41 ,25 45 ,ozlotteries.com
Saturday Lotto,2023-05-27,4367,7 8 22 28 34 37 ,1 23 ,ozlotteries.com
Saturday Lotto,2023-05-20,4365,2 8 11 12 25 32 ,16 22 ,ozlotteries.com
Saturday Lotto,2023-05-13,4363,6 22 23 24 33 36 ,18 34 ,ozlotteries.com
Saturday Lotto,2023-05-06,4361,2 8 13 17 30 35 ,5 34 ,ozlotteries.com
Saturday Lotto,2023-04-29,4359,4 15 16 18 35 45 ,11 17 ,ozlotteries.com
Saturday Lotto,2023-04-22,4357,4 29 32 34 38 41 ,11 27 ,ozlotteries.com
Saturday Lotto,2023-04-15,4355,4 16 23 31 39 43 ,17 18 ,ozlotteries.com
Saturday Lotto,2023-04-08,4353,4 6 9 11 13 40 ,18 20 ,ozlotteries.com
Saturday Lotto,2023-04-01,4351,5 10 25 36 39 45 ,8 40 ,ozlotteries.com
Saturday Lotto,2023-03-25,4349,8 9 10 14 39 42 ,12 31 ,ozlotteries.com
Saturday Lotto,2023-03-18,4347,1 6 15 21 43 44 ,34 42 ,ozlotteries.com
Saturday Lotto,2023-03-11,4345,1 4 9 10 29 42 ,7 17 ,ozlotteries.com
Saturday Lotto,2023-03-04,4343,1 9 13 32 33 34 ,8 15 ,ozlotteries.com
Saturday Lotto,2023-02-25,4341,4 12 13 15 29 45 ,2 27 ,ozlotteries.com
Saturday Lotto,2023-02-18,4339,8 11 16 24 30 34 ,18 21 ,ozlotteries.com
Saturday Lotto,2023-02-11,4337,4 7 19 20 21 22 ,16 17 ,ozlotteries.com
Saturday Lotto,2023-02-04,4335,11 27 31 34 39 45 ,5 28 ,ozlotteries.com
Saturday Lotto,2023-01-28,4333,7 24 27 30 39 44 ,5 38 ,ozlotteries.com
Saturday Lotto,2023-01-21,4331,9 10 11 23 32 40 ,5 17 ,ozlotteries.com
Saturday Lotto,2023-01-14,4329,11 19 30 37 39 45 ,3 21 ,ozlotteries.com
Saturday Lotto,2023-01-07,4327,2 9 11 17 18 38 ,37 41 ,ozlotteries.com
Saturday Lotto,2022-12-31,4325,11 20 23 35 42 45 ,8 38 ,ozlotteries.com
Saturday Lotto,2022-12-24,4323,4 7 8 24 32 39 ,17 34 ,ozlotteries.com
Saturday Lotto,2022-12-17,4321,3 8 28 36 37 41 ,9 16 ,ozlotteries.com
Saturday Lotto,2022-12-10,4319,6 14 22 24 35 44 ,10 39 ,ozlotteries.com
Saturday Lotto,2022-12-03,4317,4 8 10 12 15 39 ,37 45 ,ozlotteries.com
Saturday Lotto,2022-11-26,4315,12 14 22 29 31 45 ,11 36 ,ozlotteries.com
Saturday Lotto,2022-11-19,4313,9 12 14 23 31 43 ,13 29 ,ozlotteries.com
Saturday Lotto,2022-11-12,4311,3 6 12 18 31 35 ,9 34 ,ozlotteries.com
Saturday Lotto,2022-11-05,4309,12 19 26 29 39 45 ,13 15 ,ozlotteries.com
Saturday Lotto,2022-10-29,4307,3 6 7 9 22 42 ,13 16 ,ozlotteries.com
Saturday Lotto,2022-10-22,4305,7 17 21 24 35 41 ,5 23 ,ozlotteries.com
Saturday Lotto,2022-10-15,4303,5 7 11 12 24 40 ,15 28 ,ozlotteries.com
Saturday Lotto,2022-01-08,4223,3 17 20 24 27 29 ,9 18 ,ozlotteries.com
Saturday Lotto,2021-12-31,4221,8 14 15 20 32 43 ,31 35 ,ozlotteries.com
Saturday Lotto,2021-12-25,4219,6 19 21 30 31 42 ,15 38 ,ozlotteries.com
Saturday Lotto,2021-12-18,4217,1 19 25 29 36 44 ,21 35 ,ozlotteries.com
Saturday Lotto,2021-12-11,4215,6 12 27 35 37 39 ,2 19 ,ozlotteries.com
Saturday Lotto,2021-12-04,4213,8 24 31 39 44 45 ,21 41 ,ozlotteries.com
Saturday Lotto,2021-11-27,4211,3 5 27 34 41 45 ,10 24 ,ozlotteries.com
Saturday Lotto,2021-11-20,4209,9 17 20 21 25 33 ,4 19 ,ozlotteries.com
Saturday Lotto,2021-11-13,4207,17 22 26 29 32 40 ,12 21 ,ozlotteries.com
Saturday Lotto,2021-11-06,4205,11 15 28 30 33 39 ,19 35 ,ozlotteries.com
Saturday Lotto,2021-10-30,4203,4 16 26 29 30 32 ,37 43 ,ozlotteries.com
Saturday Lotto,2021-10-23,4201,9 10 16 22 26 32 ,17 38 ,ozlotteries.com
Saturday Lotto,2021-10-16,4199,2 7 17 26 27 38 ,1 19 ,ozlotteries.com
Saturday Lotto,2021-10-09,4197,18 22 24 34 40 42 ,19 37 ,ozlotteries.com
Saturday Lotto,2021-10-02,4195,13 17 26 28 33 44 ,18 38 ,ozlotteries.com
Saturday Lotto,2021-09-25,4193,6 28 29 33 36 40 ,26 43 ,ozlotteries.com
Saturday Lotto,2021-09-18,4191,5 6 15 18 36 43 ,24 29 ,ozlotteries.com
Saturday Lotto,2021-09-11,4189,8 10 17 23 26 34 ,36 41 ,ozlotteries.com
Saturday Lotto,2021-09-04,4187,14 29 31 33 44 45 ,19 26 ,ozlotteries.com
Saturday Lotto,2021-08-28,4185,17 19 21 22 23 30 ,32 43 ,ozlotteries.com
Saturday Lotto,2021-08-21,4183,6 19 34 35 40 43 ,22 45 ,ozlotteries.com
Saturday Lotto,2021-08-14,4181,3 9 13 19 24 28 ,29 35 ,ozlotteries.com
Saturday Lotto,2021-08-07,4179,5 11 12 22 28 36 ,1 9 ,ozlotteries.com
Saturday Lotto,2021-07-31,4177,13 16 18 32 33 41 ,9 19 ,ozlotteries.com
Saturday Lotto,2021-07-24,4175,12 16 26 27 30 40 ,13 15 ,ozlotteries.com
Saturday Lotto,2021-07-17,4173,2 14 30 32 35 38 ,10 45 ,ozlotteries.com
Saturday Lotto,2021-07-10,4171,22 23 28 30 34 38 ,16 20 ,ozlotteries.com
Saturday Lotto,2021-07-03,4169,2 7 27 33 37 42 ,10 20 ,ozlotteries.com
Saturday Lotto,2021-06-26,4167,1 24 26 32 34 36 ,7 27 ,ozlotteries.com
Saturday Lotto,2021-06-19,4165,12 14 30 34 40 41 ,15 27 ,ozlotteries.com
Saturday Lotto,2021-06-12,4163,5 13 15 28 37 45 ,1 43 ,ozlotteries.com
Saturday Lotto,2021-06-05,4161,1 11 24 32 33 44 ,20 35 ,ozlotteries.com
Saturday Lotto,2021-05-29,4159,2 7 16 28 30 42 ,22 35 ,ozlotteries.com
Saturday Lotto,2021-05-22,4157,6 7 9 13 23 27 ,1 33 ,ozlotteries.com
Saturday Lotto,2021-05-15,4155,5 15 16 19 20 41 ,4 21 ,ozlotteries.com
Saturday Lotto,2021-05-08,4153,2 4 9 26 31 41 ,18 25 ,ozlotteries.com
Saturday Lotto,2021-05-01,4151,5 14 18 22 31 42 ,1 8 ,ozlotteries.com
Saturday Lotto,2021-04-24,4149,2 4 8 31 32 44 ,35 36 ,ozlotteries.com
Saturday Lotto,2021-04-17,4147,5 13 17 33 38 44 ,22 35 ,ozlotteries.com
Saturday Lotto,2021-04-10,4145,7 8 20 22 26 42 ,14 16 ,ozlotteries.com
Saturday Lotto,2021-04-03,4143,1 21 31 38 39 41 ,6 43 ,ozlotteries.com
Saturday Lotto,2021-03-27,4141,2 4 12 23 24 35 ,15 37 ,ozlotteries.com
Saturday Lotto,2021-03-20,4139,8 9 13 19 22 32 ,15 25 ,ozlotteries.com
Saturday Lotto,2021-03-13,4137,15 17 22 27 37 40 ,2 4 ,ozlotteries.com
Saturday Lotto,2021-03-06,4135,11 16 26 32 39 42 ,6 30 ,ozlotteries.com
Saturday Lotto,2021-02-27,4133,4 6 24 35 42 45 ,36 38 ,ozlotteries.com
Saturday Lotto,2021-02-20,4131,3 5 9 26 35 41 ,28 45 ,ozlotteries.com
Saturday Lotto,2021-02-13,4129,1 3 4 22 42 43 ,24 25 ,ozlotteries.com
Saturday Lotto,2021-02-06,4127,3 6 8 10 12 24 ,36 45 ,ozlotteries.com
Saturday Lotto,2021-01-30,4125,3 6 15 20 30 31 ,2 26 ,ozlotteries.com
Saturday Lotto,2021-01-23,4123,1 6 8 10 29 40 ,31 42 ,ozlotteries.com
Saturday Lotto,2021-01-16,4121,4 12 14 17 22 33 ,25 28 ,ozlotteries.com
Saturday Lotto,2021-01-09,4119,7 9 20 22 34 45 ,10 12 ,ozlotteries.com
Saturday Lotto,2021-01-02,4117,5 7 14 16 17 44 ,26 31 ,ozlotteries.com
Saturday Lotto,2020-12-26,4115,2 5 11 21 30 32 ,25 42 ,ozlotteries.com
Saturday Lotto,2020-12-19,4113,9 16 26 35 39 41 ,13 33 ,ozlotteries.com
Saturday Lotto,2020-12-12,4111,14 16 35 38 40 43 ,1 33 ,ozlotteries.com
Saturday Lotto,2020-12-05,4109,1 9 11 24 32 41 ,15 38 ,ozlotteries.com
Saturday Lotto,2020-11-28,4107,10 18 20 34 35 37 ,7 41 ,ozlotteries.com
Saturday Lotto,2020-11-21,4105,2 21 27 37 39 42 ,7 11 ,ozlotteries.com
Saturday Lotto,2020-11-14,4103,6 15 23 26 27 45 ,2 29 ,ozlotteries.com
Saturday Lotto,2020-11-07,4101,1 3 7 8 15 35 ,5 10 ,ozlotteries.com
Saturday Lotto,2020-10-31,4099,4 13 19 26 27 34 ,6 15 ,ozlotteries.com
Saturday Lotto,2020-10-24,4097,3 23 30 31 38 45 ,19 40 ,ozlotteries.com
Saturday Lotto,2020-10-17,4095,5 8 12 14 16 38 ,3 17 ,ozlotteries.com
Saturday Lotto,2020-10-10,4093,5 12 24 26 34 37 ,2 3 ,ozlotteries.com
Saturday Lotto,2020-10-03,4091,3 11 21 24 29 38 ,36 40 ,ozlotteries.com
Saturday Lotto,2020-09-26,4089,1 7 22 28 36 42 ,11 14 ,ozlotteries.com
Saturday Lotto,2020-09-19,4087,1 8 14 23 26 41 ,12 33 ,ozlotteries.com
Saturday Lotto,2020-09-12,4085,12 27 28 31 36 39 ,6 24 ,ozlotteries.com
Saturday Lotto,2020-09-05,4083,2 3 13 32 37 38 ,29 36 ,ozlotteries.com
Saturday Lotto,2020-08-29,4081,13 16 20 25 40 44 ,4 28 ,ozlotteries.com
Saturday Lotto,2020-08-22,4079,2 7 9 16 33 43 ,20 34 ,ozlotteries.com
Saturday Lotto,2020-08-15,4077,13 16 29 34 35 41 ,12 45 ,ozlotteries.com
Saturday Lotto,2020-08-08,4075,1 11 17 18 34 42 ,19 43 ,ozlotteries.com
Saturday Lotto,2020-08-01,4073,8 9 23 29 38 42 ,13 17 ,ozlotteries.com
Saturday Lotto,2020-07-25,4071,6 9 16 32 37 44 ,11 12 ,ozlotteries.com
Saturday Lotto,2020-07-18,4069,2 18 21 22 35 43 ,10 37 ,ozlotteries.com
Saturday Lotto,2020-07-11,4067,22 26 27 29 32 38 ,30 42 ,ozlotteries.com
Saturday Lotto,2020-07-04,4065,17 31 33 35 39 42 ,36 41 ,ozlotteries.com
Saturday Lotto,2020-06-27,4063,15 19 24 28 35 41 ,23 30 ,ozlotteries.com
Saturday Lotto,2020-06-20,4061,9 11 17 19 22 29 ,14 21 ,ozlotteries.com
Saturday Lotto,2020-06-13,4059,3 17 29 32 34 38 ,12 28 ,ozlotteries.com
Saturday Lotto,2020-06-06,4057,3 10 18 19 22 27 ,41 42 ,ozlotteries.com
Saturday Lotto,2020-05-30,4055,3 15 19 22 25 44 ,1 42 ,ozlotteries.com
Saturday Lotto,2020-05-23,4053,1 21 25 30 32 45 ,31 38 ,ozlotteries.com
Saturday Lotto,2020-05-16,4051,4 11 16 17 19 26 ,15 25 ,ozlotteries.com
Saturday Lotto,2020-05-09,4049,7 21 22 35 38 39 ,34 44 ,ozlotteries.com
Saturday Lotto,2020-05-02,4047,10 14 16 18 31 43 ,4 35 ,ozlotteries.com
Saturday Lotto,2020-04-25,4045,3 15 17 23 34 38 ,18 31 ,ozlotteries.com
Saturday Lotto,2020-04-18,4043,23 24 29 39 40 41 ,5 37 ,ozlotteries.com
Saturday Lotto,2020-04-11,4041,5 10 11 14 26 27 ,35 37 ,ozlotteries.com
Saturday Lotto,2020-04-04,4039,11 19 22 33 36 39 ,7 18 ,ozlotteries.com
Saturday Lotto,2020-03-28,4037,3 7 10 16 37 43 ,20 23 ,ozlotteries.com
Saturday Lotto,2020-03-21,4035,10 19 26 27 31 33 ,9 43 ,ozlotteries.com
Saturday Lotto,2020-03-14,4033,8 13 27 40 41 42 ,3 4 ,ozlotteries.com
Saturday Lotto,2020-03-07,4031,3 7 28 33 34 40 ,1 38 ,ozlotteries.com
Saturday Lotto,2020-02-29,4029,3 12 29 30 31 38 ,22 45 ,ozlotteries.com
Saturday Lotto,2020-02-22,4027,8 11 15 16 23 29 ,7 25 ,ozlotteries.com
Saturday Lotto,2020-02-15,4025,3 4 11 21 24 39 ,34 40 ,ozlotteries.com
Saturday Lotto,2020-02-08,4023,17 19 24 36 38 44 ,2 39 ,ozlotteries.com
Saturday Lotto,2020-02-01,4021,1 10 17 24 29 33 ,5 26 ,ozlotteries.com
Saturday Lotto,2020-01-25,4019,10 17 19 24 36 38 ,22 40 ,ozlotteries.com
Saturday Lotto,2020-01-18,4017,3 10 12 24 34 35 ,38 40 ,ozlotteries.com
Saturday Lotto,2020-01-11,4015,11 17 18 20 37 41 ,15 36 ,ozlotteries.com
Saturday Lotto,2020-01-04,4013,11 16 33 38 40 42 ,12 45 ,ozlotteries.com
Saturday Lotto,2019-12-28,4011,1 13 19 31 37 39 ,5 33 ,ozlotteries.com
Saturday Lotto,2019-12-21,4009,18 23 28 30 35 37 ,4 33 ,ozlotteries.com
Saturday Lotto,2019-12-14,4007,1 9 31 34 39 40 ,17 37 ,ozlotteries.com
Saturday Lotto,2019-12-07,4005,1 13 16 25 30 32 ,17 22 ,ozlotteries.com
Saturday Lotto,2019-11-30,4003,10 16 20 22 30 38 ,14 42 ,ozlotteries.com
Saturday Lotto,2019-11-23,4001,7 14 25 30 37 45 ,6 34 ,ozlotteries.com
Saturday Lotto,2019-11-16,3999,11 22 28 31 32 34 ,14 21 ,ozlotteries.com
Saturday Lotto,2019-11-09,3997,1 10 25 27 28 36 ,14 18 ,ozlotteries.com
Saturday Lotto,2019-11-02,3995,1 2 10 12 21 42 ,13 40 ,ozlotteries.com
Saturday Lotto,2019-10-26,3993,2 7 28 29 31 45 ,6 38 ,ozlotteries.com
Saturday Lotto,2019-10-12,3989,6 8 16 17 27 33 ,26 28 ,ozlotteries.com
Saturday Lotto,2019-10-05,3987,4 12 20 33 34 36 ,10 23 ,ozlotteries.com
Saturday Lotto,2019-09-28,3985,4 11 18 20 22 41 ,12 44 ,ozlotteries.com
Saturday Lotto,2019-09-21,3983,14 29 32 33 40 43 ,12 24 ,ozlotteries.com
Saturday Lotto,2019-09-14,3981,7 20 27 38 39 41 ,9 43 ,ozlotteries.com
Saturday Lotto,2019-09-07,3979,1 8 10 14 23 36 ,7 15 ,ozlotteries.com
Saturday Lotto,2019-08-31,3977,7 14 15 17 36 41 ,20 24 ,ozlotteries.com
Saturday Lotto,2019-08-24,3975,4 9 10 11 32 33 ,23 29 ,ozlotteries.com
Saturday Lotto,2019-08-17,3973,6 19 23 24 28 35 ,29 38 ,ozlotteries.com
Saturday Lotto,2019-08-10,3971,1 6 9 37 38 39 ,11 45 ,ozlotteries.com
Saturday Lotto,2019-08-03,3969,3 5 28 32 38 44 ,25 27 ,ozlotteries.com
Saturday Lotto,2019-07-27,3967,11 13 23 27 35 38 ,5 8 ,ozlotteries.com
Saturday Lotto,2019-07-20,3965,2 8 12 18 30 42 ,14 39 ,ozlotteries.com
Saturday Lotto,2019-07-13,3963,5 16 18 22 36 41 ,1 7 ,ozlotteries.com
Saturday Lotto,2019-07-06,3961,15 18 23 30 41 44 ,1 5 ,ozlotteries.com
Saturday Lotto,2019-06-29,3959,5 14 21 33 35 42 ,7 40 ,ozlotteries.com
Saturday Lotto,2019-06-22,3957,5 10 11 12 29 41 ,13 21 ,ozlotteries.com
Saturday Lotto,2019-06-15,3955,8 18 24 39 41 42 ,5 16 ,ozlotteries.com
Saturday Lotto,2019-06-08,3953,1 22 24 36 39 42 ,12 41 ,ozlotteries.com
Saturday Lotto,2019-06-01,3951,6 9 20 25 27 31 ,2 36 ,ozlotteries.com
Saturday Lotto,2019-05-25,3949,1 11 18 29 35 44 ,28 38 ,ozlotteries.com
Saturday Lotto,2019-05-18,3947,2 6 8 36 39 45 ,5 13 ,ozlotteries.com
Saturday Lotto,2019-05-11,3945,17 27 28 32 34 44 ,8 22 ,ozlotteries.com
Saturday Lotto,2019-05-04,3943,7 8 23 24 27 33 ,15 41 ,ozlotteries.com
Saturday Lotto,2019-04-27,3941,1 16 21 26 39 41 ,2 6 ,ozlotteries.com
Saturday Lotto,2019-04-20,3939,9 14 16 18 20 36 ,7 19 ,ozlotteries.com
Saturday Lotto,2019-04-13,3937,16 18 19 21 22 25 ,4 41 ,ozlotteries.com
Saturday Lotto,2019-04-06,3935,4 8 10 12 38 39 ,6 13 ,ozlotteries.com
Saturday Lotto,2019-03-30,3933,5 8 26 27 31 33 ,11 22 ,ozlotteries.com
Saturday Lotto,2019-03-23,3931,9 29 32 33 37 39 ,11 27 ,ozlotteries.com
Saturday Lotto,2019-03-16,3929,1 8 12 15 31 42 ,32 36 ,ozlotteries.com
Saturday Lotto,2019-03-09,3927,16 17 21 27 29 43 ,37 40 ,ozlotteries.com
Saturday Lotto,2019-03-02,3925,5 10 38 39 40 43 ,4 24 ,ozlotteries.com
Saturday Lotto,2019-02-23,3923,13 19 20 21 25 37 ,27 33 ,ozlotteries.com
Saturday Lotto,2019-02-16,3921,18 19 26 27 38 43 ,15 22 ,ozlotteries.com
Saturday Lotto,2019-02-09,3919,9 11 13 16 17 21 ,33 38 ,ozlotteries.com
Saturday Lotto,2019-02-02,3917,1 5 12 21 24 45 ,2 15 ,ozlotteries.com
Saturday Lotto,2019-01-26,3915,8 18 19 36 38 42 ,4 39 ,ozlotteries.com
Saturday Lotto,2019-01-19,3913,8 10 11 15 26 45 ,28 37 ,ozlotteries.com
Saturday Lotto,2019-01-12,3911,5 11 15 23 35 45 ,17 43 ,ozlotteries.com
Saturday Lotto,2019-01-05,3909,3 18 20 24 26 34 ,32 42 ,ozlotteries.com
Saturday Lotto,2018-12-29,3907,2 9 17 30 33 39 ,22 41 ,ozlotteries.com
Saturday Lotto,2018-12-22,3905,5 9 14 29 41 43 ,15 37 ,ozlotteries.com
Saturday Lotto,2018-12-15,3903,23 28 32 33 35 39 ,5 42 ,ozlotteries.com
Saturday Lotto,2018-12-08,3901,2 6 23 25 26 43 ,7 9 ,ozlotteries.com
Saturday Lotto,2018-12-01,3899,5 24 25 27 31 38 ,18 20 ,ozlotteries.com
Saturday Lotto,2018-11-24,3897,7 10 20 24 29 37 ,32 42 ,ozlotteries.com
Saturday Lotto,2018-11-17,3895,6 18 19 26 30 31 ,16 25 ,ozlotteries.com
Saturday Lotto,2018-11-10,3893,1 21 22 23 38 44 ,17 20 ,ozlotteries.com
Saturday Lotto,2018-11-03,3891,3 5 12 14 35 36 ,15 42 ,ozlotteries.com
Saturday Lotto,2018-10-27,3889,9 13 16 17 32 37 ,6 14 ,ozlotteries.com
Saturday Lotto,2018-10-20,3887,5 14 15 38 42 45 ,8 22 ,ozlotteries.com
Saturday Lotto,2018-10-13,3885,3 6 10 34 37 40 ,15 18 ,ozlotteries.com
Saturday Lotto,2018-10-06,3883,1 2 7 22 34 40 ,15 26 ,ozlotteries.com
Saturday Lotto,2018-09-29,3881,2 9 10 13 16 25 ,17 19 ,ozlotteries.com
Saturday Lotto,2018-09-22,3879,9 21 26 29 32 44 ,2 28 ,ozlotteries.com
Saturday Lotto,2018-09-15,3877,1 3 7 15 44 45 ,26 34 ,ozlotteries.com
Saturday Lotto,2018-09-08,3875,19 22 24 25 42 43 ,4 14 ,ozlotteries.com
Saturday Lotto,2018-09-01,3873,5 10 14 16 36 43 ,18 19 ,ozlotteries.com
Saturday Lotto,2018-08-25,3871,5 15 18 29 31 35 ,9 36 ,ozlotteries.com
Saturday Lotto,2018-08-18,3869,6 17 19 26 37 38 ,2 10 ,ozlotteries.com
Saturday Lotto,2018-08-11,3867,1 8 15 20 23 44 ,11 18 ,ozlotteries.com
Saturday Lotto,2018-08-04,3865,12 14 24 25 35 38 ,36 39 ,ozlotteries.com
Saturday Lotto,2018-07-28,3863,21 27 29 31 37 40 ,6 11 ,ozlotteries.com
Saturday Lotto,2018-07-21,3861,2 4 14 15 16 24 ,18 33 ,ozlotteries.com
Saturday Lotto,2018-07-14,3859,6 11 12 32 40 45 ,10 20 ,ozlotteries.com
Saturday Lotto,2018-07-07,3857,1 6 18 23 29 43 ,3 35 ,ozlotteries.com
Saturday Lotto,2018-06-30,3855,1 14 20 25 26 40 ,3 24 ,ozlotteries.com
Saturday Lotto,2018-06-23,3853,9 10 18 31 35 41 ,16 26 ,ozlotteries.com
Saturday Lotto,2018-06-16,3851,2 8 12 22 26 45 ,1 38 ,ozlotteries.com
Saturday Lotto,2018-06-09,3849,7 10 22 25 26 36 ,30 43 ,ozlotteries.com
Saturday Lotto,2018-06-02,3847,7 14 17 19 24 37 ,2 23 ,ozlotteries.com
Saturday Lotto,2018-05-26,3845,10 21 25 29 38 40 ,7 22 ,ozlotteries.com
Saturday Lotto,2018-05-19,3843,6 9 21 33 39 42 ,19 40 ,ozlotteries.com
Saturday Lotto,2018-05-12,3841,6 12 14 17 31 38 ,32 34 ,ozlotteries.com
Saturday Lotto,2018-05-05,3839,10 22 28 34 42 45 ,3 11 ,ozlotteries.com
Saturday Lotto,2018-04-28,3837,13 29 33 35 38 43 ,15 41 ,ozlotteries.com
Saturday Lotto,2018-04-21,3835,11 12 17 31 42 44 ,3 19 ,ozlotteries.com
Saturday Lotto,2018-04-14,3833,7 9 10 17 18 38 ,20 35 ,ozlotteries.com
Saturday Lotto,2018-04-07,3831,6 7 8 17 23 35 ,29 30 ,ozlotteries.com
Saturday Lotto,2018-03-31,3829,8 15 23 27 43 44 ,11 35 ,ozlotteries.com
Saturday Lotto,2018-03-24,3827,10 19 23 30 33 39 ,17 34 ,ozlotteries.com
Saturday Lotto,2018-03-17,3825,26 32 33 35 38 41 ,27 45 ,ozlotteries.com
Saturday Lotto,2018-03-10,3823,2 4 22 31 34 44 ,25 27 ,ozlotteries.com
Saturday Lotto,2018-03-03,3821,2 21 29 35 36 45 ,40 44 ,ozlotteries.com
Saturday Lotto,2018-02-24,3819,1 5 14 15 19 30 ,20 28 ,ozlotteries.com
Saturday Lotto,2018-02-17,3817,3 8 13 30 31 35 ,17 25 ,ozlotteries.com
Saturday Lotto,2018-02-10,3815,2 7 16 23 27 44 ,25 28 ,ozlotteries.com
Saturday Lotto,2018-02-03,3813,11 12 13 23 24 27 ,22 31 ,ozlotteries.com
Saturday Lotto,2018-01-27,3811,1 4 7 11 32 40 ,26 29 ,ozlotteries.com
Saturday Lotto,2018-01-20,3809,2 5 9 14 31 34 ,7 13 ,ozlotteries.com
Saturday Lotto,2018-01-13,3807,1 6 16 19 36 45 ,5 11 ,ozlotteries.com
Saturday Lotto,2018-01-06,3805,3 12 31 32 35 44 ,13 14 ,ozlotteries.com
Saturday Lotto,2017-12-30,3803,6 9 27 30 35 37 ,4 14 ,ozlotteries.com
Saturday Lotto,2017-12-23,3801,8 11 13 21 23 34 ,24 42 ,ozlotteries.com
Saturday Lotto,2017-12-16,3799,1 5 26 28 39 45 ,12 44 ,ozlotteries.com
Saturday Lotto,2017-12-09,3797,14 17 28 30 34 36 ,44 45 ,ozlotteries.com
Saturday Lotto,2017-12-02,3795,8 14 16 23 25 44 ,2 9 ,ozlotteries.com
Saturday Lotto,2017-11-25,3793,4 6 18 31 36 44 ,1 10 ,ozlotteries.com
Saturday Lotto,2017-11-18,3791,6 19 26 28 40 42 ,33 36 ,ozlotteries.com
Saturday Lotto,2017-11-11,3789,18 19 27 30 38 43 ,16 21 ,ozlotteries.com
Saturday Lotto,2017-11-04,3787,4 7 17 22 26 30 ,41 44 ,ozlotteries.com
Saturday Lotto,2017-10-28,3785,1 13 17 38 40 44 ,22 31 ,ozlotteries.com
Saturday Lotto,2017-10-21,3783,13 22 30 34 42 45 ,39 44 ,ozlotteries.com
Saturday Lotto,2017-10-14,3781,6 13 18 25 34 39 ,9 42 ,ozlotteries.com
Saturday Lotto,2017-10-07,3779,7 13 15 18 31 34 ,17 27 ,ozlotteries.com
Saturday Lotto,2017-09-30,3777,1 19 20 22 32 34 ,3 33 ,ozlotteries.com
Saturday Lotto,2017-09-23,3775,6 8 13 40 44 45 ,2 16 ,ozlotteries.com
Saturday Lotto,2017-09-16,3773,5 10 20 29 41 45 ,7 26 ,ozlotteries.com
Saturday Lotto,2017-09-09,3771,12 21 28 35 40 42 ,4 9 ,ozlotteries.com
Saturday Lotto,2017-09-02,3769,16 17 21 22 23 44 ,2 30 ,ozlotteries.com
Saturday Lotto,2017-08-26,3767,11 15 20 27 38 45 ,18 42 ,ozlotteries.com
Saturday Lotto,2017-08-19,3765,3 9 23 30 39 45 ,7 17 ,ozlotteries.com
Saturday Lotto,2017-08-12,3763,7 11 14 16 26 45 ,34 35 ,ozlotteries.com
Saturday Lotto,2017-08-05,3761,1 7 11 20 21 32 ,22 26 ,ozlotteries.com
Saturday Lotto,2017-07-29,3759,28 30 31 34 42 43 ,4 25 ,ozlotteries.com
Saturday Lotto,2017-07-22,3757,11 22 27 32 42 44 ,7 39 ,ozlotteries.com
Saturday Lotto,2017-07-15,3755,1 11 22 25 41 44 ,9 23 ,ozlotteries.com
Saturday Lotto,2017-07-08,3753,11 18 22 24 26 33 ,19 28 ,ozlotteries.com
Saturday Lotto,2017-07-01,3751,6 10 18 19 32 36 ,1 13 ,ozlotteries.com
Saturday Lotto,2017-06-24,3749,1 5 13 29 32 43 ,38 40 ,ozlotteries.com
Saturday Lotto,2017-06-17,3747,5 19 25 30 33 34 ,1 2 ,ozlotteries.com
Saturday Lotto,2017-06-10,3745,12 14 20 22 24 44 ,6 32 ,ozlotteries.com
Saturday Lotto,2017-06-03,3743,9 21 27 30 32 35 ,20 31 ,ozlotteries.com
Saturday Lotto,2017-05-27,3741,15 17 18 24 42 45 ,35 36 ,ozlotteries.com
Saturday Lotto,2017-05-20,3739,6 10 11 15 29 33 ,5 25 ,ozlotteries.com
Saturday Lotto,2017-05-13,3737,1 16 21 30 35 40 ,2 7 ,ozlotteries.com
Saturday Lotto,2017-05-06,3735,8 9 16 26 39 41 ,28 31 ,ozlotteries.com
Saturday Lotto,2017-04-29,3733,3 10 23 29 34 37 ,1 24 ,ozlotteries.com
Saturday Lotto,2017-04-22,3731,11 13 18 21 24 30 ,15 27 ,ozlotteries.com
Saturday Lotto,2017-04-15,3729,3 15 26 32 40 44 ,16 41 ,ozlotteries.com
Saturday Lotto,2017-04-08,3727,3 7 25 27 32 38 ,21 28 ,ozlotteries.com
Saturday Lotto,2017-04-01,3725,16 20 24 32 34 37 ,4 45 ,ozlotteries.com
Saturday Lotto,2017-03-25,3723,16 20 23 28 35 39 ,4 27 ,ozlotteries.com
Saturday Lotto,2017-03-18,3721,1 10 15 23 36 43 ,2 34 ,ozlotteries.com
Saturday Lotto,2017-03-11,3719,1 10 15 31 36 39 ,11 32 ,ozlotteries.com
Saturday Lotto,2017-03-04,3717,9 12 15 18 28 34 ,1 44 ,ozlotteries.com
Saturday Lotto,2017-02-25,3715,7 22 29 33 36 44 ,5 45 ,ozlotteries.com
Saturday Lotto,2017-02-18,3713,21 25 28 30 33 37 ,3 36 ,ozlotteries.com
Saturday Lotto,2017-02-11,3711,3 18 41 42 43 45 ,2 21 ,ozlotteries.com
Saturday Lotto,2017-02-04,3709,4 16 22 34 36 38 ,3 26 ,ozlotteries.com
Saturday Lotto,2017-01-28,3707,6 10 19 28 37 40 ,8 33 ,ozlotteries.com
Saturday Lotto,2017-01-21,3705,14 17 30 37 41 43 ,5 38 ,ozlotteries.com
Saturday Lotto,2017-01-14,3703,9 12 21 22 30 41 ,20 27 ,ozlotteries.com
Saturday Lotto,2017-01-07,3701,7 19 20 22 40 41 ,5 35 ,ozlotteries.com
Saturday Lotto,2016-12-31,3699,4 11 16 18 31 40 ,17 38 ,ozlotteries.com
Saturday Lotto,2016-12-24,3697,4 5 9 24 34 39 ,15 29 ,ozlotteries.com
Saturday Lotto,2016-12-17,3695,8 17 18 29 36 42 ,11 33 ,ozlotteries.com
Saturday Lotto,2016-12-10,3693,5 20 25 33 34 36 ,27 42 ,ozlotteries.com
Saturday Lotto,2016-12-03,3691,10 11 18 26 39 44 ,15 16 ,ozlotteries.com
Saturday Lotto,2016-11-26,3689,18 19 27 29 38 45 ,32 35 ,ozlotteries.com
Saturday Lotto,2016-11-19,3687,1 12 14 16 24 40 ,20 31 ,ozlotteries.com
Saturday Lotto,2016-11-12,3685,1 3 12 18 22 38 ,34 40 ,ozlotteries.com
Saturday Lotto,2016-11-05,3683,9 23 24 34 38 43 ,13 37 ,ozlotteries.com
Saturday Lotto,2016-10-29,3681,15 20 23 33 39 42 ,22 36 ,ozlotteries.com
Saturday Lotto,2016-10-22,3679,16 22 35 37 39 42 ,29 43 ,ozlotteries.com
Saturday Lotto,2016-10-15,3677,2 8 21 22 31 40 ,28 30 ,ozlotteries.com
Saturday Lotto,2016-10-08,3675,2 3 6 21 26 38 ,22 35 ,ozlotteries.com
Saturday Lotto,2016-10-01,3673,6 14 22 26 35 37 ,10 31 ,ozlotteries.com
Saturday Lotto,2016-09-24,3671,11 12 18 25 34 45 ,13 37 ,ozlotteries.com
Saturday Lotto,2016-09-17,3669,3 8 9 12 18 27 ,4 39 ,ozlotteries.com
Saturday Lotto,2016-09-10,3667,5 7 9 13 18 27 ,25 42 ,ozlotteries.com
Saturday Lotto,2016-09-03,3665,7 23 28 32 36 40 ,39 41 ,ozlotteries.com
Saturday Lotto,2016-08-27,3663,4 5 13 18 25 34 ,23 31 ,ozlotteries.com
Saturday Lotto,2016-08-20,3661,8 16 23 34 42 45 ,3 44 ,ozlotteries.com
Saturday Lotto,2016-08-13,3659,11 14 16 37 41 45 ,1 32 ,ozlotteries.com
Saturday Lotto,2016-08-06,3657,6 12 15 19 23 31 ,8 22 ,ozlotteries.com
Saturday Lotto,2016-07-30,3655,27 32 33 37 40 45 ,22 38 ,ozlotteries.com
Saturday Lotto,2016-07-23,3653,4 7 10 15 22 32 ,6 38 ,ozlotteries.com
Saturday Lotto,2016-07-16,3651,1 3 7 12 24 32 ,2 10 ,ozlotteries.com
Saturday Lotto,2016-07-09,3649,13 17 21 25 33 38 ,11 18 ,ozlotteries.com
Saturday Lotto,2016-07-02,3647,5 12 16 20 31 41 ,10 29 ,ozlotteries.com
Saturday Lotto,2016-06-25,3645,4 7 10 17 28 31 ,12 23 ,ozlotteries.com
Saturday Lotto,2016-06-18,3643,1 2 13 20 39 44 ,4 7 ,ozlotteries.com
Saturday Lotto,2016-06-11,3641,4 10 25 32 39 45 ,22 26 ,ozlotteries.com
Saturday Lotto,2016-06-04,3639,3 12 26 27 38 43 ,16 44 ,ozlotteries.com
Saturday Lotto,2016-05-28,3637,1 21 34 35 37 42 ,11 26 ,ozlotteries.com
Saturday Lotto,2016-05-21,3635,5 11 13 14 37 39 ,12 32 ,ozlotteries.com
Saturday Lotto,2016-05-14,3633,4 10 13 21 33 34 ,14 30 ,ozlotteries.com
Saturday Lotto,2016-05-07,3631,1 3 14 24 31 35 ,8 17 ,ozlotteries.com
Saturday Lotto,2016-04-30,3629,2 20 22 24 27 30 ,10 26 ,ozlotteries.com
Saturday Lotto,2016-04-23,3627,3 10 27 32 34 36 ,20 26 ,ozlotteries.com
Saturday Lotto,2016-04-16,3625,1 3 11 29 36 42 ,26 33 ,ozlotteries.com
Saturday Lotto,2016-04-09,3623,3 6 18 21 23 41 ,16 30 ,ozlotteries.com
Saturday Lotto,2016-03-26,3619,5 9 17 24 32 43 ,21 31 ,ozlotteries.com
Saturday Lotto,2016-03-19,3617,8 10 16 24 28 31 ,2 4 ,ozlotteries.com
Saturday Lotto,2016-03-12,3615,1 3 8 16 28 37 ,5 30 ,ozlotteries.com
Saturday Lotto,2016-03-05,3613,2 11 20 26 39 45 ,19 33 ,ozlotteries.com
Saturday Lotto,2016-02-27,3611,3 5 18 21 22 38 ,27 45 ,ozlotteries.com
Saturday Lotto,2016-02-20,3609,5 17 22 26 30 42 ,19 36 ,ozlotteries.com
Saturday Lotto,2016-02-13,3607,2 8 25 27 28 43 ,6 32 ,ozlotteries.com
Saturday Lotto,2016-02-06,3605,4 26 33 39 40 43 ,32 41 ,ozlotteries.com
Saturday Lotto,2016-01-30,3603,5 20 25 28 29 45 ,21 30 ,ozlotteries.com
Saturday Lotto,2016-01-23,3601,20 24 33 41 44 45 ,12 29 ,ozlotteries.com
Saturday Lotto,2016-01-16,3599,1 3 11 13 22 24 ,29 30 ,ozlotteries.com
Saturday Lotto,2016-01-09,3597,2 18 20 25 30 36 ,5 11 ,ozlotteries.com
Saturday Lotto,2016-01-02,3595,3 10 31 40 44 45 ,37 38 ,ozlotteries.com
Saturday Lotto,2015-12-26,3593,5 9 25 34 35 36 ,29 42 ,ozlotteries.com
Saturday Lotto,2015-12-19,3591,3 6 11 24 33 34 ,1 4 ,ozlotteries.com
Saturday Lotto,2015-12-12,3589,6 7 8 11 31 40 ,22 30 ,ozlotteries.com
Saturday Lotto,2015-12-05,3587,15 18 28 32 40 42 ,7 14 ,ozlotteries.com
Saturday Lotto,2015-11-28,3585,1 9 17 18 24 34 ,26 36 ,ozlotteries.com
Saturday Lotto,2015-11-21,3583,6 9 10 11 35 37 ,15 31 ,ozlotteries.com
Saturday Lotto,2015-11-14,3581,6 10 21 28 37 42 ,14 39 ,ozlotteries.com
Saturday Lotto,2015-11-07,3579,4 6 17 31 38 39 ,23 37 ,ozlotteries.com
Saturday Lotto,2015-10-31,3577,10 14 19 20 27 37 ,13 29 ,ozlotteries.com
Saturday Lotto,2015-10-24,3575,1 15 18 29 37 40 ,8 30 ,ozlotteries.com
Saturday Lotto,2015-10-17,3573,2 7 10 13 23 24 ,8 21 ,ozlotteries.com
Saturday Lotto,2015-10-10,3571,1 5 7 8 15 39 ,30 34 ,ozlotteries.com
Saturday Lotto,2015-10-03,3569,3 6 7 21 22 43 ,14 39 ,ozlotteries.com
Saturday Lotto,2015-09-26,3567,5 12 13 17 22 26 ,4 44 ,ozlotteries.com
Saturday Lotto,2015-09-19,3565,4 5 16 29 32 44 ,19 37 ,ozlotteries.com
Saturday Lotto,2015-09-12,3563,16 17 21 29 38 42 ,11 27 ,ozlotteries.com
Saturday Lotto,2015-09-05,3561,5 13 27 31 37 42 ,18 30 ,ozlotteries.com
Saturday Lotto,2015-08-29,3559,11 18 26 27 37 39 ,5 30 ,ozlotteries.com
Saturday Lotto,2015-08-22,3557,4 13 18 27 30 36 ,5 32 ,ozlotteries.com
Saturday Lotto,2015-08-15,3555,6 12 23 26 28 36 ,27 43 ,ozlotteries.com
Saturday Lotto,2015-08-08,3553,1 13 24 28 29 33 ,14 20 ,ozlotteries.com
Saturday Lotto,2015-08-01,3551,6 10 15 16 17 29 ,18 33 ,ozlotteries.com
Saturday Lotto,2015-07-25,3549,7 8 13 20 23 32 ,26 34 ,ozlotteries.com
Saturday Lotto,2015-07-18,3547,3 11 13 29 38 42 ,15 19 ,ozlotteries.com
Saturday Lotto,2015-07-11,3545,14 23 24 28 41 45 ,5 43 ,ozlotteries.com
Saturday Lotto,2015-07-04,3543,8 15 25 30 31 44 ,4 14 ,ozlotteries.com
Saturday Lotto,2015-06-27,3541,15 17 29 30 32 39 ,21 41 ,ozlotteries.com
Saturday Lotto,2015-06-20,3539,8 10 22 27 39 44 ,20 25 ,ozlotteries.com
Saturday Lotto,2015-06-13,3537,8 20 36 38 43 45 ,16 29 ,ozlotteries.com
Saturday Lotto,2015-06-06,3535,15 29 31 32 33 39 ,12 22 ,ozlotteries.com
Saturday Lotto,2015-05-30,3533,16 20 23 36 38 43 ,13 19 ,ozlotteries.com
Saturday Lotto,2015-05-23,3531,1 2 31 38 39 45 ,26 34 ,ozlotteries.com
Saturday Lotto,2015-05-16,3529,10 15 16 26 30 45 ,12 21 ,ozlotteries.com
Saturday Lotto,2015-05-09,3527,4 13 27 29 31 32 ,34 36 ,ozlotteries.com
Saturday Lotto,2015-05-02,3525,6 15 18 23 35 43 ,16 44 ,ozlotteries.com
Saturday Lotto,2015-04-25,3523,5 7 12 20 29 42 ,11 30 ,ozlotteries.com
Saturday Lotto,2015-04-18,3521,4 14 16 18 26 27 ,5 10 ,ozlotteries.com
Saturday Lotto,2015-04-11,3519,3 7 13 21 24 30 ,4 27 ,ozlotteries.com
Saturday Lotto,2015-04-04,3517,1 24 34 40 44 45 ,16 20 ,ozlotteries.com
Saturday Lotto,2015-03-28,3515,13 16 17 18 25 29 ,26 27 ,ozlotteries.com
Saturday Lotto,2015-03-21,3513,2 11 12 16 24 39 ,42 43 ,ozlotteries.com
Saturday Lotto,2015-03-14,3511,7 9 17 26 42 43 ,24 29 ,ozlotteries.com
Saturday Lotto,2015-03-07,3509,3 6 24 40 41 44 ,25 26 ,ozlotteries.com
Saturday Lotto,2015-02-28,3507,1 11 14 33 37 45 ,22 41 ,ozlotteries.com
Saturday Lotto,2015-02-21,3505,5 10 11 24 39 41 ,3 18 ,ozlotteries.com
Saturday Lotto,2015-02-14,3503,16 22 24 35 37 42 ,29 36 ,ozlotteries.com
Saturday Lotto,2015-02-07,3501,9 19 30 33 41 44 ,35 36 ,ozlotteries.com
Saturday Lotto,2015-01-31,3499,9 15 19 26 33 36 ,4 45 ,ozlotteries.com
Saturday Lotto,2015-01-24,3497,10 12 30 34 42 44 ,1 32 ,ozlotteries.com
Saturday Lotto,2015-01-17,3495,1 10 16 30 33 41 ,28 32 ,ozlotteries.com
Saturday Lotto,2015-01-10,3493,4 19 24 25 27 34 ,33 41 ,ozlotteries.com
Saturday Lotto,2015-01-03,3491,18 21 35 38 39 43 ,13 27 ,ozlotteries.com
Saturday Lotto,2014-12-27,3489,7 16 20 33 39 43 ,3 41 ,ozlotteries.com
Saturday Lotto,2014-12-20,3487,6 8 9 19 21 41 ,2 34 ,ozlotteries.com
Saturday Lotto,2014-12-13,3485,6 11 16 17 21 44 ,18 40 ,ozlotteries.com
Saturday Lotto,2014-12-06,3483,1 5 13 36 38 39 ,4 23 ,ozlotteries.com
Saturday Lotto,2014-11-29,3481,18 28 31 36 41 42 ,13 27 ,ozlotteries.com
Saturday Lotto,2014-11-22,3479,1 5 14 23 31 42 ,10 44 ,ozlotteries.com
Saturday Lotto,2014-11-15,3477,4 9 13 37 42 43 ,1 23 ,ozlotteries.com
Saturday Lotto,2014-11-08,3475,16 19 20 22 27 35 ,23 24 ,ozlotteries.com
Saturday Lotto,2014-11-01,3473,9 15 21 24 30 42 ,1 2 ,ozlotteries.com
Saturday Lotto,2014-10-25,3471,11 12 17 36 38 44 ,9 31 ,ozlotteries.com
Saturday Lotto,2014-10-18,3469,5 7 8 9 27 34 ,23 31 ,ozlotteries.com
Saturday Lotto,2014-10-11,3467,3 11 13 21 42 44 ,26 32 ,ozlotteries.com
Saturday Lotto,2014-10-04,3465,6 20 22 29 32 44 ,38 41 ,ozlotteries.com
Saturday Lotto,2014-09-27,3463,1 6 16 20 25 36 ,24 33 ,ozlotteries.com
Saturday Lotto,2014-09-20,3461,1 12 22 27 38 40 ,20 32 ,ozlotteries.com
Saturday Lotto,2014-09-13,3459,1 5 10 14 29 33 ,9 22 ,ozlotteries.com
Saturday Lotto,2014-09-06,3457,4 10 17 27 34 43 ,18 26 ,ozlotteries.com
Saturday Lotto,2014-08-30,3455,2 14 24 37 40 44 ,18 33 ,ozlotteries.com
Saturday Lotto,2014-08-23,3453,11 29 30 40 41 43 ,2 4 ,ozlotteries.com
Saturday Lotto,2014-08-16,3451,2 3 15 16 18 24 ,25 31 ,ozlotteries.com
Saturday Lotto,2014-08-09,3449,23 26 27 30 31 41 ,16 38 ,ozlotteries.com
Saturday Lotto,2014-08-02,3447,7 10 12 26 30 36 ,15 32 ,ozlotteries.com
Saturday Lotto,2014-07-26,3445,5 7 12 28 40 45 ,20 37 ,ozlotteries.com
Saturday Lotto,2014-07-19,3443,4 8 13 27 28 42 ,6 26 ,ozlotteries.com
Saturday Lotto,2014-07-12,3441,1 3 15 19 42 44 ,36 37 ,ozlotteries.com
Saturday Lotto,2014-07-05,3439,5 7 14 20 31 39 ,18 27 ,ozlotteries.com
Saturday Lotto,2014-06-28,3437,1 17 20 40 42 44 ,5 30 ,ozlotteries.com
Saturday Lotto,2014-06-21,3435,1 12 28 31 32 34 ,8 24 ,ozlotteries.com
Saturday Lotto,2014-06-14,3433,11 13 16 19 27 35 ,24 36 ,ozlotteries.com
Saturday Lotto,2014-06-07,3431,1 19 20 36 38 41 ,10 29 ,ozlotteries.com
Saturday Lotto,2014-05-31,3429,1 13 20 26 37 45 ,22 27 ,ozlotteries.com
Saturday Lotto,2014-05-24,3427,11 13 28 37 43 45 ,26 27 ,ozlotteries.com
Saturday Lotto,2014-05-17,3425,8 9 22 25 36 42 ,28 33 ,ozlotteries.com
Saturday Lotto,2014-05-10,3423,10 13 16 22 39 45 ,2 9 ,ozlotteries.com
Saturday Lotto,2014-05-03,3421,1 12 14 19 37 41 ,7 23 ,ozlotteries.com
Saturday Lotto,2014-04-27,3419,12 20 24 32 39 45 ,3 29 ,ozlotteries.com
Saturday Lotto,2014-04-19,3417,3 7 17 23 25 26 ,10 15 ,ozlotteries.com
Saturday Lotto,2014-04-13,3415,13 18 20 21 28 45 ,23 41 ,ozlotteries.com
Saturday Lotto,2014-04-06,3413,1 22 24 29 36 39 ,6 45 ,ozlotteries.com
Saturday Lotto,2014-03-30,3411,10 21 22 26 29 41 ,25 27 ,ozlotteries.com
Saturday Lotto,2014-03-23,3409,4 12 18 19 29 33 ,17 43 ,ozlotteries.com
Saturday Lotto,2014-03-16,3407,13 33 36 38 39 43 ,20 41 ,ozlotteries.com
Saturday Lotto,2014-03-09,3405,3 19 27 38 40 42 ,12 17 ,ozlotteries.com
Saturday Lotto,2014-03-02,3403,4 13 33 35 39 45 ,14 29 ,ozlotteries.com
Saturday Lotto,2014-02-23,3401,8 12 15 25 26 45 ,23 28 ,ozlotteries.com
Saturday Lotto,2014-02-16,3399,6 27 28 32 39 40 ,1 34 ,ozlotteries.com
Saturday Lotto,2014-02-09,3397,6 15 17 21 22 42 ,18 30 ,ozlotteries.com
Saturday Lotto,2014-02-02,3395,11 16 32 40 41 45 ,7 28 ,ozlotteries.com
Saturday Lotto,2014-01-26,3393,30 35 36 37 42 43 ,5 14 ,ozlotteries.com
Saturday Lotto,2014-01-19,3391,1 9 10 13 27 39 ,15 28 ,ozlotteries.com
Saturday Lotto,2014-01-12,3389,7 14 23 27 38 40 ,4 8 ,ozlotteries.com
Saturday Lotto,2014-01-05,3387,5 6 10 28 32 40 ,29 37 ,ozlotteries.com
Saturday Lotto,2013-12-29,3385,17 22 24 25 26 40 ,13 30 ,ozlotteries.com
Saturday Lotto,2013-12-22,3383,1 3 10 17 20 35 ,24 34 ,ozlotteries.com
Saturday Lotto,2013-12-15,3381,4 9 14 22 42 45 ,11 21 ,ozlotteries.com
Saturday Lotto,2013-12-08,3379,3 7 28 31 38 41 ,15 37 ,ozlotteries.com
Saturday Lotto,2013-12-01,3377,24 27 30 37 43 45 ,21 22 ,ozlotteries.com
Saturday Lotto,2013-11-24,3375,5 7 20 30 31 39 ,9 22 ,ozlotteries.com
Saturday Lotto,2013-11-17,3373,5 8 15 32 36 39 ,9 42 ,ozlotteries.com
Saturday Lotto,2013-11-10,3371,2 16 20 27 28 32 ,7 8 ,ozlotteries.com
Saturday Lotto,2013-11-03,3369,2 5 23 32 40 43 ,34 35 ,ozlotteries.com
Saturday Lotto,2013-10-27,3367,9 13 16 21 33 44 ,11 20 ,ozlotteries.com
Saturday Lotto,2013-10-20,3365,5 20 27 31 37 42 ,3 38 ,ozlotteries.com
Saturday Lotto,2013-10-13,3363,3 9 33 34 39 41 ,8 38 ,ozlotteries.com
Saturday Lotto,2013-10-06,3361,6 8 11 21 27 31 ,19 30 ,ozlotteries.com
Saturday Lotto,2013-09-29,3359,1 13 21 27 34 37 ,15 45 ,ozlotteries.com
Saturday Lotto,2013-09-22,3357,1 2 5 16 19 42 ,10 37 ,ozlotteries.com
Saturday Lotto,2013-09-15,3355,3 11 20 28 34 40 ,25 39 ,ozlotteries.com
Saturday Lotto,2013-09-08,3353,1 11 12 15 25 36 ,17 33 ,ozlotteries.com
Saturday Lotto,2013-09-01,3351,15 18 26 28 39 41 ,11 42 ,ozlotteries.com
Saturday Lotto,2013-08-25,3349,12 15 16 37 42 45 ,6 9 ,ozlotteries.com
Saturday Lotto,2013-08-18,3347,5 27 33 35 42 45 ,4 16 ,ozlotteries.com
Saturday Lotto,2013-08-11,3345,8 18 21 23 27 37 ,6 22 ,ozlotteries.com
Saturday Lotto,2013-08-04,3343,1 14 24 26 30 37 ,10 20 ,ozlotteries.com
Saturday Lotto,2013-07-28,3341,6 25 27 29 38 41 ,43 45 ,ozlotteries.com
Saturday Lotto,2013-07-21,3339,1 3 9 12 22 29 ,18 37 ,ozlotteries.com
Saturday Lotto,2013-07-14,3337,5 9 14 27 37 40 ,18 38 ,ozlotteries.com
Saturday Lotto,2013-07-07,3335,3 8 19 26 29 43 ,7 11 ,ozlotteries.com
Saturday Lotto,2013-06-30,3333,11 22 25 26 31 42 ,1 8 ,ozlotteries.com
Saturday Lotto,2013-06-23,3331,13 17 18 20 21 43 ,5 36 ,ozlotteries.com
Saturday Lotto,2013-06-16,3329,1 4 15 16 17 21 ,40 42 ,ozlotteries.com
Saturday Lotto,2013-06-09,3327,7 8 10 25 28 42 ,35 39 ,ozlotteries.com
Saturday Lotto,2013-06-02,3325,12 15 30 37 40 44 ,16 45 ,ozlotteries.com
Saturday Lotto,2013-05-26,3323,1 15 16 20 31 36 ,2 38 ,ozlotteries.com
Saturday Lotto,2013-05-19,3321,3 6 14 16 25 31 ,9 35 ,ozlotteries.com
Saturday Lotto,2013-05-12,3319,16 30 32 35 38 41 ,39 45 ,ozlotteries.com
Saturday Lotto,2013-05-05,3317,2 12 13 20 30 35 ,1 7 ,ozlotteries.com
Saturday Lotto,2013-04-28,3315,8 15 18 33 40 43 ,14 25 ,ozlotteries.com
Saturday Lotto,2013-04-21,3313,7 10 28 34 41 44 ,8 14 ,ozlotteries.com
Saturday Lotto,2013-04-14,3311,2 4 6 9 37 44 ,18 23 ,ozlotteries.com
Saturday Lotto,2013-04-07,3309,19 20 21 23 25 43 ,2 8 ,ozlotteries.com
Saturday Lotto,2013-03-31,3307,4 29 33 40 41 43 ,2 3 ,ozlotteries.com
Saturday Lotto,2013-03-24,3305,2 3 12 13 16 30 ,5 17 ,ozlotteries.com
Saturday Lotto,2013-03-17,3303,4 24 25 29 32 43 ,26 38 ,ozlotteries.com
Saturday Lotto,2013-03-10,3301,7 10 12 28 44 45 ,3 35 ,ozlotteries.com
Saturday Lotto,2013-03-03,3299,11 13 18 20 42 43 ,12 30 ,ozlotteries.com
Saturday Lotto,2013-02-24,3297,6 8 13 29 34 39 ,9 20 ,ozlotteries.com
Saturday Lotto,2013-02-17,3295,1 6 16 17 18 34 ,13 33 ,ozlotteries.com
Saturday Lotto,2013-02-10,3293,8 29 30 33 36 41 ,9 23 ,ozlotteries.com
Saturday Lotto,2013-02-03,3291,5 18 29 31 44 45 ,12 38 ,ozlotteries.com
Saturday Lotto,2013-01-27,3289,6 12 25 36 39 43 ,8 18 ,ozlotteries.com
Saturday Lotto,2013-01-20,3287,4 11 14 16 19 25 ,18 34 ,ozlotteries.com
Saturday Lotto,2013-01-13,3285,2 6 11 15 31 34 ,16 30 ,ozlotteries.com
Saturday Lotto,2013-01-06,3283,20 28 30 31 32 37 ,1 34 ,ozlotteries.com
Saturday Lotto,2012-12-30,3281,7 14 15 25 35 37 ,3 20 ,ozlotteries.com
Saturday Lotto,2012-12-23,3279,1 4 10 17 29 45 ,5 38 ,ozlotteries.com
Saturday Lotto,2012-12-16,3277,5 7 9 16 20 41 ,6 11 ,ozlotteries.com
Saturday Lotto,2012-12-09,3275,6 13 16 33 36 41 ,4 15 ,ozlotteries.com
Saturday Lotto,2012-12-02,3273,11 17 25 30 40 41 ,32 42 ,ozlotteries.com
Saturday Lotto,2012-11-25,3271,17 26 30 32 42 43 ,6 12 ,ozlotteries.com
Saturday Lotto,2012-11-18,3269,5 8 11 20 29 33 ,28 38 ,ozlotteries.com
Saturday Lotto,2012-11-11,3267,1 4 25 27 40 41 ,26 37 ,ozlotteries.com
Saturday Lotto,2012-11-04,3265,7 12 20 31 38 43 ,6 25 ,ozlotteries.com
Saturday Lotto,2012-10-28,3263,5 6 25 33 34 44 ,23 31 ,ozlotteries.com
Saturday Lotto,2012-10-21,3261,10 25 26 27 32 35 ,12 16 ,ozlotteries.com
Saturday Lotto,2012-10-14,3259,2 11 13 15 26 40 ,30 32 ,ozlotteries.com
Saturday Lotto,2012-10-07,3257,18 20 23 32 40 42 ,3 33 ,ozlotteries.com
Saturday Lotto,2012-09-30,3255,9 10 16 25 32 34 ,40 44 ,ozlotteries.com
Saturday Lotto,2012-09-23,3253,1 17 19 32 34 45 ,22 38 ,ozlotteries.com
Saturday Lotto,2012-09-16,3251,2 11 19 23 32 34 ,10 39 ,ozlotteries.com
Saturday Lotto,2012-09-09,3249,4 5 7 15 35 38 ,1 30 ,ozlotteries.com
Saturday Lotto,2012-09-02,3247,9 19 24 28 29 31 ,5 15 ,ozlotteries.com
Saturday Lotto,2012-08-26,3245,4 17 21 27 28 30 ,8 25 ,ozlotteries.com
Saturday Lotto,2012-08-19,3243,10 11 15 30 34 36 ,16 19 ,ozlotteries.com
Saturday Lotto,2012-08-12,3241,21 22 27 31 32 38 ,10 16 ,ozlotteries.com
Saturday Lotto,2012-08-05,3239,16 19 20 37 39 43 ,3 27 ,ozlotteries.com
Saturday Lotto,2012-07-29,3237,1 27 28 33 37 42 ,17 29 ,ozlotteries.com
Saturday Lotto,2012-07-22,3235,3 6 7 9 23 43 ,14 25 ,ozlotteries.com
Saturday Lotto,2012-07-15,3233,17 30 36 41 42 45 ,20 35 ,ozlotteries.com
Saturday Lotto,2012-07-08,3231,2 15 21 31 37 38 ,6 29 ,ozlotteries.com
Saturday Lotto,2012-07-01,3229,8 30 32 33 37 40 ,14 34 ,ozlotteries.com
Saturday Lotto,2012-06-24,3227,2 16 19 29 30 31 ,10 11 ,ozlotteries.com
Saturday Lotto,2012-06-17,3225,16 18 25 35 36 40 ,2 21 ,ozlotteries.com
Saturday Lotto,2012-06-10,3223,1 4 16 26 27 32 ,31 40 ,ozlotteries.com
Saturday Lotto,2012-06-03,3221,6 17 18 31 36 43 ,13 33 ,ozlotteries.com
Saturday Lotto,2012-05-27,3219,10 13 22 36 37 38 ,28 42 ,ozlotteries.com
Saturday Lotto,2012-05-20,3217,9 12 28 29 32 41 ,2 21 ,ozlotteries.com
Saturday Lotto,2012-05-13,3215,1 2 14 16 19 45 ,23 30 ,ozlotteries.com
Saturday Lotto,2012-05-06,3213,7 9 12 15 27 40 ,4 11 ,ozlotteries.com
Saturday Lotto,2012-04-29,3211,4 5 12 23 31 33 ,3 9 ,ozlotteries.com
Saturday Lotto,2012-04-22,3209,1 2 15 16 21 28 ,35 40 ,ozlotteries.com
Saturday Lotto,2012-04-15,3207,7 8 13 18 25 43 ,4 17 ,ozlotteries.com
Saturday Lotto,2012-04-08,3205,17 26 27 28 30 38 ,7 23 ,ozlotteries.com
Saturday Lotto,2012-04-01,3203,2 6 26 29 41 43 ,1 7 ,ozlotteries.com
Saturday Lotto,2012-03-25,3201,17 27 29 39 42 45 ,8 10 ,ozlotteries.com
Saturday Lotto,2012-03-18,3199,4 10 21 30 41 42 ,27 34 ,ozlotteries.com
Saturday Lotto,2012-03-11,3197,20 21 26 32 41 43 ,6 22 ,ozlotteries.com
Saturday Lotto,2012-03-04,3195,4 5 11 12 14 31 ,6 16 ,ozlotteries.com
Saturday Lotto,2012-02-26,3193,12 14 18 19 30 38 ,29 42 ,ozlotteries.com
Saturday Lotto,2012-02-19,3191,3 13 14 32 37 38 ,17 29 ,ozlotteries.com
Saturday Lotto,2012-02-12,3189,3 13 17 21 25 35 ,4 9 ,ozlotteries.com
Saturday Lotto,2012-02-05,3187,3 10 20 28 40 41 ,11 17 ,ozlotteries.com
Saturday Lotto,2012-01-29,3185,22 28 31 32 40 43 ,26 37 ,ozlotteries.com
Saturday Lotto,2012-01-22,3183,2 9 14 22 31 33 ,12 30 ,ozlotteries.com
Saturday Lotto,2012-01-15,3181,13 16 18 19 23 28 ,8 37 ,ozlotteries.com
Saturday Lotto,2012-01-08,3179,19 29 30 33 44 45 ,6 13 ,ozlotteries.com
Saturday Lotto,2012-01-01,3177,7 8 28 33 38 41 ,4 37 ,ozlotteries.com
Saturday Lotto,2011-12-25,3175,1 4 7 9 12 30 ,28 41 ,ozlotteries.com
Saturday Lotto,2011-12-18,3173,6 11 12 24 26 36 ,27 43 ,ozlotteries.com
Saturday Lotto,2011-12-11,3171,9 18 29 32 33 41 ,27 45 ,ozlotteries.com
Saturday Lotto,2011-12-04,3169,2 9 13 18 26 44 ,1 7 ,ozlotteries.com
Saturday Lotto,2011-11-27,3167,9 12 22 28 41 42 ,24 27 ,ozlotteries.com
Saturday Lotto,2011-11-20,3165,9 18 23 24 33 36 ,4 34 ,ozlotteries.com
Saturday Lotto,2011-11-13,3163,4 5 10 17 22 40 ,8 38 ,ozlotteries.com
Saturday Lotto,2011-11-06,3161,2 6 12 18 44 45 ,28 32 ,ozlotteries.com
Saturday Lotto,2011-10-30,3159,11 12 15 20 32 33 ,14 19 ,ozlotteries.com
Saturday Lotto,2011-10-23,3157,7 19 28 29 43 45 ,24 27 ,ozlotteries.com
Saturday Lotto,2011-10-16,3155,8 12 18 21 24 30 ,33 37 ,ozlotteries.com
Saturday Lotto,2011-10-09,3153,7 18 22 37 38 39 ,23 27 ,ozlotteries.com
Saturday Lotto,2011-10-02,3151,19 25 30 38 42 44 ,4 20 ,ozlotteries.com
Saturday Lotto,2011-09-25,3149,7 10 11 14 37 39 ,20 40 ,ozlotteries.com
Saturday Lotto,2011-09-18,3147,8 10 12 21 37 42 ,33 40 ,ozlotteries.com
Saturday Lotto,2011-09-11,3145,10 20 21 25 38 39 ,4 43 ,ozlotteries.com
Saturday Lotto,2011-09-04,3143,1 7 21 22 23 27 ,29 40 ,ozlotteries.com
Saturday Lotto,2011-08-28,3141,4 8 16 32 33 34 ,26 29 ,ozlotteries.com
Saturday Lotto,2011-08-21,3139,3 24 26 30 32 39 ,4 8 ,ozlotteries.com
Saturday Lotto,2011-08-14,3137,8 13 15 22 33 34 ,10 41 ,ozlotteries.com
Saturday Lotto,2011-08-07,3135,4 6 9 27 39 43 ,16 34 ,ozlotteries.com
Saturday Lotto,2011-07-31,3133,2 5 9 16 23 31 ,34 38 ,ozlotteries.com
Saturday Lotto,2011-07-24,3131,1 4 22 24 31 33 ,6 10 ,ozlotteries.com
Saturday Lotto,2011-07-17,3129,11 16 17 29 35 38 ,24 34 ,ozlotteries.com
Saturday Lotto,2011-07-10,3127,15 32 34 36 41 45 ,39 40 ,ozlotteries.com
Saturday Lotto,2011-07-03,3125,6 10 14 17 39 40 ,3 5 ,ozlotteries.com
Saturday Lotto,2011-06-26,3123,10 11 12 15 22 28 ,5 13 ,ozlotteries.com
Saturday Lotto,2011-06-19,3121,1 6 14 19 32 42 ,10 34 ,ozlotteries.com
Saturday Lotto,2011-06-12,3119,3 11 17 30 36 38 ,15 42 ,ozlotteries.com
Saturday Lotto,2011-06-05,3117,1 19 22 23 27 45 ,3 38 ,ozlotteries.com
Saturday Lotto,2011-05-29,3115,1 9 11 13 33 35 ,22 30 ,ozlotteries.com
Saturday Lotto,2011-05-22,3113,8 13 15 19 27 43 ,16 34 ,ozlotteries.com
Saturday Lotto,2011-05-15,3111,4 10 18 22 31 45 ,24 40 ,ozlotteries.com
Saturday Lotto,2011-05-08,3109,12 24 26 28 39 44 ,4 36 ,ozlotteries.com
Saturday Lotto,2011-05-01,3107,1 7 15 33 35 40 ,39 45 ,ozlotteries.com
Saturday Lotto,2011-04-24,3105,5 10 13 25 32 37 ,24 41 ,ozlotteries.com
Saturday Lotto,2011-04-17,3103,1 14 18 22 23 29 ,28 39 ,ozlotteries.com
Saturday Lotto,2011-04-10,3101,3 4 11 13 41 45 ,8 39 ,ozlotteries.com
Saturday Lotto,2011-04-03,3099,10 14 24 30 40 41 ,2 8 ,ozlotteries.com
Saturday Lotto,2011-03-27,3097,1 14 23 34 41 42 ,27 37 ,ozlotteries.com
Saturday Lotto,2011-03-20,3095,2 6 7 8 18 21 ,11 24 ,ozlotteries.com
Saturday Lotto,2011-03-13,3093,4 13 17 21 38 40 ,18 32 ,ozlotteries.com
Saturday Lotto,2011-03-06,3091,12 19 22 26 32 33 ,1 8 ,ozlotteries.com
Saturday Lotto,2011-02-27,3089,1 4 21 23 24 43 ,10 32 ,ozlotteries.com
Saturday Lotto,2011-02-20,3087,1 5 14 23 41 45 ,2 8 ,ozlotteries.com
Saturday Lotto,2011-02-13,3085,4 9 10 26 38 44 ,23 40 ,ozlotteries.com
Saturday Lotto,2011-02-06,3083,5 11 19 30 42 45 ,18 24 ,ozlotteries.com
Saturday Lotto,2011-01-30,3081,2 11 15 19 20 25 ,1 13 ,ozlotteries.com
Saturday Lotto,2011-01-23,3079,3 15 17 21 34 43 ,16 41 ,ozlotteries.com
Saturday Lotto,2011-01-16,3077,10 12 23 26 27 31 ,4 24 ,ozlotteries.com
Saturday Lotto,2011-01-09,3075,5 6 19 23 35 38 ,18 22 ,ozlotteries.com
Saturday Lotto,2011-01-01,3073,10 11 13 19 24 41 ,3 17 ,ozlotteries.com
Saturday Lotto,2010-12-26,3071,4 11 12 22 29 38 ,30 41 ,ozlotteries.com
Saturday Lotto,2010-12-19,3069,4 13 25 26 42 44 ,15 22 ,ozlotteries.com
Saturday Lotto,2010-12-12,3067,10 16 18 26 32 33 ,12 19 ,ozlotteries.com
Saturday Lotto,2010-12-05,3065,9 10 12 13 39 43 ,1 31 ,ozlotteries.com
Saturday Lotto,2010-11-28,3063,2 12 15 24 35 37 ,5 40 ,ozlotteries.com
Saturday Lotto,2010-11-21,3061,7 19 21 25 38 42 ,27 32 ,ozlotteries.com
Saturday Lotto,2010-11-14,3059,14 15 26 27 35 41 ,23 38 ,ozlotteries.com
Saturday Lotto,2010-11-07,3057,15 24 25 28 30 39 ,7 45 ,ozlotteries.com
Saturday Lotto,2010-10-31,3055,4 6 7 27 31 45 ,15 20 ,ozlotteries.com
Saturday Lotto,2010-10-24,3053,12 23 31 34 39 43 ,1 9 ,ozlotteries.com
Saturday Lotto,2010-10-17,3051,15 19 28 36 39 41 ,11 34 ,ozlotteries.com
Saturday Lotto,2010-10-10,3049,1 11 24 26 32 36 ,8 14 ,ozlotteries.com
Saturday Lotto,2010-10-03,3047,8 9 29 33 37 42 ,1 3 ,ozlotteries.com
Saturday Lotto,2010-09-26,3045,12 22 24 26 31 38 ,19 29 ,ozlotteries.com
Saturday Lotto,2010-09-19,3043,7 18 31 35 40 44 ,15 38 ,ozlotteries.com
Saturday Lotto,2010-09-12,3041,5 11 15 36 42 44 ,1 4 ,ozlotteries.com
Saturday Lotto,2010-09-05,3039,1 20 28 35 36 44 ,3 21 ,ozlotteries.com
Saturday Lotto,2010-08-29,3037,3 9 11 29 30 34 ,10 38 ,ozlotteries.com
Saturday Lotto,2010-08-22,3035,1 8 11 16 31 38 ,15 33 ,ozlotteries.com
Saturday Lotto,2010-08-15,3033,2 12 13 29 31 40 ,21 25 ,ozlotteries.com
Saturday Lotto,2010-08-08,3031,5 28 35 39 40 41 ,21 36 ,ozlotteries.com
Saturday Lotto,2010-08-01,3029,4 14 25 35 41 43 ,6 28 ,ozlotteries.com
Saturday Lotto,2010-07-25,3027,6 13 16 24 30 33 ,34 43 ,ozlotteries.com
Saturday Lotto,2010-07-18,3025,2 11 17 19 39 40 ,14 20 ,ozlotteries.com
Saturday Lotto,2010-07-11,3023,17 23 30 38 40 42 ,15 24 ,ozlotteries.com
Saturday Lotto,2010-07-04,3021,1 6 10 15 26 40 ,4 36 ,ozlotteries.com
Saturday Lotto,2010-06-27,3019,2 5 10 22 37 38 ,21 23 ,ozlotteries.com
Saturday Lotto,2010-06-20,3017,5 11 13 16 25 29 ,37 43 ,ozlotteries.com
Saturday Lotto,2010-06-13,3015,1 7 11 21 23 43 ,20 35 ,ozlotteries.com
Saturday Lotto,2010-06-06,3013,5 13 24 26 28 41 ,20 25 ,ozlotteries.com
Saturday Lotto,2010-05-30,3011,2 12 19 22 30 40 ,11 39 ,ozlotteries.com
Saturday Lotto,2010-05-23,3009,7 8 16 17 27 40 ,11 43 ,ozlotteries.com
Saturday Lotto,2010-05-16,3007,4 6 13 15 18 35 ,8 16 ,ozlotteries.com
Saturday Lotto,2010-05-09,3005,7 21 34 39 42 43 ,3 4 ,ozlotteries.com
Saturday Lotto,2010-05-02,3003,20 24 25 29 31 34 ,5 44 ,ozlotteries.com
Saturday Lotto,2010-04-25,3001,4 5 12 18 20 25 ,7 37 ,ozlotteries.com
Saturday Lotto,2010-04-18,2999,5 6 22 32 36 43 ,25 34 ,ozlotteries.com
Saturday Lotto,2010-04-11,2997,15 17 27 33 40 43 ,24 44 ,ozlotteries.com
Saturday Lotto,2010-04-04,2995,12 18 21 22 33 38 ,2 28 ,ozlotteries.com
Saturday Lotto,2010-03-28,2993,9 13 16 23 27 33 ,21 42 ,ozlotteries.com
Saturday Lotto,2010-03-21,2991,10 12 15 26 29 40 ,3 39 ,ozlotteries.com
Saturday Lotto,2010-03-14,2989,7 17 24 31 42 43 ,35 36 ,ozlotteries.com
Saturday Lotto,2010-03-07,2987,4 18 21 24 28 41 ,33 34 ,ozlotteries.com
Saturday Lotto,2010-02-28,2985,20 26 29 31 33 40 ,12 30 ,ozlotteries.com
Saturday Lotto,2010-02-21,2983,1 13 18 33 36 37 ,11 22 ,ozlotteries.com
Saturday Lotto,2010-02-14,2981,1 7 14 34 41 45 ,15 21 ,ozlotteries.com
Saturday Lotto,2010-02-07,2979,8 11 23 25 27 42 ,20 33 ,ozlotteries.com
Saturday Lotto,2010-01-31,2977,12 13 15 21 22 43 ,11 42 ,ozlotteries.com
Saturday Lotto,2010-01-24,2975,8 13 15 18 29 38 ,1 36 ,ozlotteries.com
Saturday Lotto,2010-01-17,2973,14 27 32 33 36 41 ,6 35 ,ozlotteries.com
Saturday Lotto,2010-01-10,2971,6 8 18 20 36 45 ,29 39 ,ozlotteries.com
Saturday Lotto,2010-01-03,2969,5 12 16 33 34 42 ,30 32 ,ozlotteries.com
Saturday Lotto,2009-12-27,2967,6 9 11 24 28 42 ,36 37 ,ozlotteries.com
Saturday Lotto,2009-12-20,2965,2 3 5 7 9 23 ,26 41 ,ozlotteries.com
Saturday Lotto,2009-12-13,2963,1 2 24 25 31 34 ,23 44 ,ozlotteries.com
Saturday Lotto,2009-12-06,2961,1 10 26 31 32 44 ,38 45 ,ozlotteries.com
Saturday Lotto,2009-11-29,2959,11 19 28 36 37 40 ,17 29 ,ozlotteries.com
Saturday Lotto,2009-11-22,2957,4 16 19 23 28 44 ,33 41 ,ozlotteries.com
Saturday Lotto,2009-11-15,2955,2 9 13 23 26 36 ,16 25 ,ozlotteries.com
Saturday Lotto,2009-11-08,2953,1 14 21 29 33 36 ,4 25 ,ozlotteries.com
Saturday Lotto,2009-11-01,2951,6 24 29 30 37 44 ,9 35 ,ozlotteries.com
Saturday Lotto,2009-10-25,2949,2 14 16 23 34 39 ,12 17 ,ozlotteries.com
Saturday Lotto,2009-10-18,2947,2 10 22 24 26 44 ,5 31 ,ozlotteries.com
Saturday Lotto,2009-10-11,2945,2 6 13 14 25 32 ,31 33 ,ozlotteries.com
Saturday Lotto,2009-10-04,2943,3 16 18 32 39 42 ,19 40 ,ozlotteries.com
Saturday Lotto,2009-09-27,2941,1 7 13 16 30 40 ,22 23 ,ozlotteries.com
Saturday Lotto,2009-09-20,2939,2 20 24 29 33 41 ,13 19 ,ozlotteries.com
Saturday Lotto,2009-09-13,2937,4 21 30 35 42 43 ,31 45 ,ozlotteries.com
Saturday Lotto,2009-09-06,2935,9 11 20 29 34 39 ,31 36 ,ozlotteries.com
Saturday Lotto,2009-08-30,2933,4 23 30 35 36 43 ,15 18 ,ozlotteries.com
Saturday Lotto,2009-08-23,2931,7 11 32 37 38 40 ,16 24 ,ozlotteries.com
Saturday Lotto,2009-08-16,2929,1 18 28 30 37 43 ,2 11 ,ozlotteries.com
Saturday Lotto,2009-08-09,2927,14 19 29 33 39 40 ,16 22 ,ozlotteries.com
Saturday Lotto,2009-08-02,2925,5 16 24 27 28 40 ,8 29 ,ozlotteries.com
Saturday Lotto,2009-07-26,2923,5 14 16 25 35 38 ,36 39 ,ozlotteries.com
Saturday Lotto,2009-07-19,2921,2 5 6 8 12 13 ,14 40 ,ozlotteries.com
Saturday Lotto,2009-07-12,2919,5 9 20 29 33 37 ,12 24 ,ozlotteries.com
Saturday Lotto,2009-07-05,2917,1 13 25 38 43 45 ,6 10 ,ozlotteries.com
Saturday Lotto,2009-06-28,2915,9 14 20 24 25 38 ,5 26 ,ozlotteries.com
Saturday Lotto,2009-06-21,2913,1 15 17 33 34 37 ,32 44 ,ozlotteries.com
Saturday Lotto,2009-06-14,2911,13 19 22 29 36 42 ,23 45 ,ozlotteries.com
Saturday Lotto,2009-06-07,2909,19 20 31 36 43 45 ,34 35 ,ozlotteries.com
Saturday Lotto,2009-05-31,2907,6 26 33 34 40 45 ,1 22 ,ozlotteries.com
Saturday Lotto,2009-05-24,2905,6 8 18 25 27 37 ,10 28 ,ozlotteries.com
Saturday Lotto,2009-05-17,2903,3 14 15 19 25 44 ,16 26 ,ozlotteries.com
Saturday Lotto,2009-05-10,2901,8 13 14 22 24 31 ,2 40 ,ozlotteries.com
Saturday Lotto,2009-05-03,2899,1 5 38 41 42 45 ,14 32 ,ozlotteries.com
Saturday Lotto,2009-04-26,2897,3 13 17 32 38 44 ,43 45 ,ozlotteries.com
Saturday Lotto,2009-04-19,2895,3 5 8 14 30 34 ,6 9 ,ozlotteries.com
Saturday Lotto,2009-04-12,2893,1 2 10 27 41 43 ,42 44 ,ozlotteries.com
Saturday Lotto,2009-04-05,2891,1 8 34 37 38 42 ,23 40 ,ozlotteries.com
Saturday Lotto,2009-03-29,2889,5 21 22 25 27 38 ,8 43 ,ozlotteries.com
Saturday Lotto,2009-03-22,2887,3 13 18 19 29 38 ,9 12 ,ozlotteries.com
Saturday Lotto,2009-03-15,2885,6 17 20 26 38 41 ,3 13 ,ozlotteries.com
Saturday Lotto,2009-03-08,2883,2 6 12 34 39 41 ,28 36 ,ozlotteries.com
Saturday Lotto,2009-03-01,2881,17 21 22 24 28 34 ,6 35 ,ozlotteries.com
Saturday Lotto,2009-02-22,2879,8 10 13 17 26 33 ,6 35 ,ozlotteries.com
Saturday Lotto,2009-02-15,2877,5 6 20 23 24 26 ,28 29 ,ozlotteries.com
Saturday Lotto,2009-02-08,2875,2 5 18 20 27 37 ,6 43 ,ozlotteries.com
Saturday Lotto,2009-02-01,2873,4 5 15 18 30 34 ,8 13 ,ozlotteries.com
Saturday Lotto,2009-01-25,2871,18 24 31 32 41 44 ,4 14 ,ozlotteries.com
Saturday Lotto,2009-01-18,2869,4 9 27 37 42 45 ,18 36 ,ozlotteries.com
Saturday Lotto,2009-01-11,2867,8 12 16 19 22 42 ,28 40 ,ozlotteries.com
Saturday Lotto,2009-01-04,2865,17 25 28 34 37 45 ,8 23 ,ozlotteries.com
Saturday Lotto,2008-12-28,2863,6 16 24 26 36 41 ,25 43 ,ozlotteries.com
Saturday Lotto,2008-12-21,2861,18 20 22 27 28 40 ,8 24 ,ozlotteries.com
Saturday Lotto,2008-12-14,2859,7 10 11 21 34 40 ,3 22 ,ozlotteries.com
Saturday Lotto,2008-12-07,2857,1 2 10 15 17 21 ,16 28 ,ozlotteries.com
Saturday Lotto,2008-11-30,2855,6 18 30 37 43 44 ,11 23 ,ozlotteries.com
Saturday Lotto,2008-11-23,2853,1 11 15 28 35 39 ,24 33 ,ozlotteries.com
Saturday Lotto,2008-11-16,2851,14 22 28 34 39 40 ,18 33 ,ozlotteries.com
Saturday Lotto,2008-11-09,2849,7 11 14 25 31 32 ,6 26 ,ozlotteries.com
Saturday Lotto,2008-11-02,2847,5 11 21 23 30 35 ,17 39 ,ozlotteries.com
Saturday Lotto,2008-10-26,2845,21 22 24 30 32 45 ,1 38 ,ozlotteries.com
Saturday Lotto,2008-10-19,2843,1 9 12 30 38 42 ,14 26 ,ozlotteries.com
Saturday Lotto,2008-10-12,2841,10 15 17 18 20 31 ,27 37 ,ozlotteries.com
Saturday Lotto,2008-10-05,2839,19 24 27 36 40 43 ,11 42 ,ozlotteries.com
Saturday Lotto,2008-09-28,2837,4 9 10 11 21 28 ,7 33 ,ozlotteries.com
Saturday Lotto,2008-09-21,2835,4 7 19 22 25 28 ,14 18 ,ozlotteries.com
Saturday Lotto,2008-09-14,2833,9 11 20 30 41 45 ,6 40 ,ozlotteries.com
Saturday Lotto,2008-09-07,2831,5 11 29 31 32 42 ,6 39 ,ozlotteries.com
Saturday Lotto,2008-08-31,2829,1 4 10 27 33 44 ,13 31 ,ozlotteries.com
Saturday Lotto,2008-08-24,2827,7 8 13 23 28 40 ,34 37 ,ozlotteries.com
Saturday Lotto,2008-08-17,2825,2 5 18 24 36 42 ,35 38 ,ozlotteries.com
Saturday Lotto,2008-08-10,2823,12 26 34 40 43 45 ,21 29 ,ozlotteries.com
Saturday Lotto,2008-08-03,2821,3 9 14 24 40 42 ,28 36 ,ozlotteries.com
Saturday Lotto,2008-07-27,2819,8 14 22 24 25 30 ,10 38 ,ozlotteries.com
Saturday Lotto,2008-07-20,2817,8 9 33 34 40 43 ,11 32 ,ozlotteries.com
Saturday Lotto,2008-07-13,2815,27 29 37 38 39 45 ,36 44 ,ozlotteries.com
Saturday Lotto,2008-07-06,2813,3 9 20 31 40 45 ,8 44 ,ozlotteries.com
Saturday Lotto,2008-06-29,2811,3 10 11 37 40 44 ,26 36 ,ozlotteries.com
Saturday Lotto,2008-06-22,2809,3 12 17 24 37 44 ,21 36 ,ozlotteries.com
Saturday Lotto,2008-06-15,2807,3 4 8 34 35 44 ,2 6 ,ozlotteries.com
Saturday Lotto,2008-06-08,2805,2 12 20 27 30 31 ,8 32 ,ozlotteries.com
Saturday Lotto,2008-06-01,2803,6 7 9 12 32 45 ,5 30 ,ozlotteries.com
Saturday Lotto,2008-05-25,2801,15 30 32 33 34 45 ,41 44 ,ozlotteries.com
Saturday Lotto,2008-05-18,2799,6 10 11 15 28 39 ,5 43 ,ozlotteries.com
Saturday Lotto,2008-05-11,2797,1 3 6 21 22 40 ,4 24 ,ozlotteries.com
Saturday Lotto,2008-05-04,2795,7 18 22 24 41 43 ,2 3 ,ozlotteries.com
Saturday Lotto,2008-04-27,2793,4 30 34 35 38 41 ,6 10 ,ozlotteries.com
Saturday Lotto,2008-04-20,2791,18 23 25 33 37 43 ,12 15 ,ozlotteries.com
Saturday Lotto,2008-04-13,2789,20 21 31 32 38 39 ,2 11 ,ozlotteries.com
Saturday Lotto,2008-04-06,2787,3 5 13 26 29 32 ,8 43 ,ozlotteries.com
Saturday Lotto,2008-03-30,2785,5 8 17 29 32 40 ,2 38 ,ozlotteries.com
Saturday Lotto,2008-03-23,2783,3 10 21 27 29 36 ,20 44 ,ozlotteries.com
Saturday Lotto,2008-03-16,2781,6 10 26 35 39 43 ,21 27 ,ozlotteries.com
Saturday Lotto,2008-03-09,2779,3 11 31 35 41 44 ,40 45 ,ozlotteries.com
Saturday Lotto,2008-03-02,2777,5 15 18 19 21 30 ,33 34 ,ozlotteries.com
Saturday Lotto,2008-02-24,2775,21 24 34 39 42 43 ,4 28 ,ozlotteries.com
Saturday Lotto,2008-02-17,2773,1 9 13 19 24 41 ,34 38 ,ozlotteries.com
Saturday Lotto,2008-02-10,2771,9 10 21 26 28 31 ,12 14 ,ozlotteries.com
Saturday Lotto,2008-02-03,2769,12 26 30 31 40 42 ,2 4 ,ozlotteries.com
Saturday Lotto,2008-01-27,2767,4 12 19 24 35 40 ,26 29 ,ozlotteries.com
Saturday Lotto,2008-01-20,2765,3 19 22 29 37 43 ,12 15 ,ozlotteries.com
Saturday Lotto,2008-01-13,2763,3 15 24 35 41 42 ,11 16 ,ozlotteries.com
Saturday Lotto,2008-01-06,2761,4 7 13 21 29 38 ,8 34 ,ozlotteries.com
Saturday Lotto,2007-12-30,2759,2 21 22 26 39 45 ,5 11 ,ozlotteries.com
Saturday Lotto,2007-12-23,2757,3 22 26 27 29 30 ,11 21 ,ozlotteries.com
Saturday Lotto,2007-12-16,2755,1 7 8 35 37 41 ,5 23 ,ozlotteries.com
Saturday Lotto,2007-12-09,2753,16 17 28 37 42 43 ,13 41 ,ozlotteries.com
Saturday Lotto,2007-12-02,2751,1 6 16 19 38 44 ,8 17 ,ozlotteries.com
Saturday Lotto,2007-11-25,2749,2 6 10 20 31 41 ,12 19 ,ozlotteries.com
Saturday Lotto,2007-11-18,2747,5 6 20 23 25 35 ,28 30 ,ozlotteries.com
Saturday Lotto,2007-11-11,2745,5 6 16 22 24 36 ,7 42 ,ozlotteries.com
Saturday Lotto,2007-11-04,2743,14 16 32 34 40 43 ,10 19 ,ozlotteries.com
Saturday Lotto,2007-10-28,2741,9 23 26 34 40 44 ,1 41 ,ozlotteries.com
Saturday Lotto,2007-10-21,2739,5 17 19 20 38 40 ,9 42 ,ozlotteries.com
Saturday Lotto,2007-10-14,2737,6 10 14 23 34 36 ,2 12 ,ozlotteries.com
Saturday Lotto,2007-10-07,2735,6 18 22 33 38 45 ,11 41 ,ozlotteries.com
Saturday Lotto,2007-09-30,2733,7 15 18 25 34 42 ,1 28 ,ozlotteries.com
Saturday Lotto,2007-09-23,2731,7 16 19 22 23 34 ,25 41 ,ozlotteries.com
Saturday Lotto,2007-09-16,2729,1 17 29 30 39 44 ,4 11 ,ozlotteries.com
Saturday Lotto,2007-09-09,2727,18 27 33 34 38 41 ,11 31 ,ozlotteries.com
Saturday Lotto,2007-09-02,2725,1 11 15 25 43 45 ,9 24 ,ozlotteries.com
Saturday Lotto,2007-08-26,2723,3 4 5 12 28 31 ,11 34 ,ozlotteries.com
Saturday Lotto,2007-08-19,2721,2 6 9 17 32 40 ,39 43 ,ozlotteries.com
Saturday Lotto,2007-08-12,2719,9 17 18 20 27 41 ,7 10 ,ozlotteries.com
Saturday Lotto,2007-08-05,2717,8 12 21 25 27 33 ,35 45 ,ozlotteries.com
Saturday Lotto,2007-07-29,2715,2 6 16 21 38 42 ,22 28 ,ozlotteries.com
Saturday Lotto,2007-07-22,2713,1 3 5 10 22 43 ,2 23 ,ozlotteries.com
Saturday Lotto,2007-07-15,2711,11 18 21 30 32 36 ,4 9 ,ozlotteries.com
Saturday Lotto,2007-07-08,2709,12 20 23 30 32 39 ,2 10 ,ozlotteries.com
Saturday Lotto,2007-07-01,2707,6 10 11 16 26 33 ,3 28 ,ozlotteries.com
Saturday Lotto,2007-06-24,2705,1 18 23 36 37 38 ,22 45 ,ozlotteries.com
Saturday Lotto,2007-06-17,2703,7 8 9 21 31 41 ,34 36 ,ozlotteries.com
Saturday Lotto,2007-06-10,2701,8 11 14 17 18 44 ,3 7 ,ozlotteries.com
Saturday Lotto,2007-06-03,2699,19 21 23 25 40 42 ,11 33 ,ozlotteries.com
Saturday Lotto,2007-05-27,2697,2 9 25 29 42 44 ,34 38 ,ozlotteries.com
Saturday Lotto,2007-05-20,2695,15 17 18 27 28 29 ,7 23 ,ozlotteries.com
Saturday Lotto,2007-05-13,2693,11 12 26 32 38 39 ,15 37 ,ozlotteries.com
Saturday Lotto,2007-05-06,2691,3 17 29 31 32 35 ,16 39 ,ozlotteries.com
Saturday Lotto,2007-04-29,2689,2 10 19 20 25 27 ,17 23 ,ozlotteries.com
Saturday Lotto,2007-04-22,2687,3 4 6 18 24 38 ,7 29 ,ozlotteries.com
Saturday Lotto,2007-04-15,2685,19 23 33 38 42 45 ,7 24 ,ozlotteries.com
Saturday Lotto,2007-04-08,2683,4 11 17 41 43 45 ,6 44 ,ozlotteries.com
Saturday Lotto,2007-04-01,2681,2 5 7 8 23 36 ,17 19 ,ozlotteries.com
Saturday Lotto,2007-03-25,2679,8 11 15 23 38 41 ,1 35 ,ozlotteries.com
Saturday Lotto,2007-03-18,2677,1 2 23 27 34 42 ,28 40 ,ozlotteries.com
Saturday Lotto,2007-03-11,2675,7 10 12 18 31 39 ,37 44 ,ozlotteries.com
Saturday Lotto,2007-03-04,2673,3 10 11 17 32 44 ,25 39 ,ozlotteries.com
Saturday Lotto,2007-02-25,2671,9 17 20 38 44 45 ,8 36 ,ozlotteries.com
Saturday Lotto,2007-02-18,2669,3 5 12 16 27 30 ,28 36 ,ozlotteries.com
Saturday Lotto,2007-02-11,2667,5 11 16 22 25 27 ,21 32 ,ozlotteries.com
Saturday Lotto,2007-02-04,2665,5 6 7 18 21 25 ,13 14 ,ozlotteries.com
Saturday Lotto,2007-01-28,2663,1 10 14 16 32 34 ,8 27 ,ozlotteries.com
Saturday Lotto,2007-01-21,2661,4 5 20 24 25 33 ,22 35 ,ozlotteries.com
Saturday Lotto,2007-01-14,2659,4 12 13 16 33 42 ,20 44 ,ozlotteries.com
Saturday Lotto,2007-01-07,2657,4 21 22 24 25 26 ,7 38 ,ozlotteries.com
Saturday Lotto,2006-12-31,2655,2 4 9 21 28 36 ,23 45 ,ozlotteries.com
Saturday Lotto,2006-12-24,2653,2 15 18 29 32 43 ,23 34 ,ozlotteries.com
Saturday Lotto,2006-12-17,2651,9 11 17 26 27 37 ,43 44 ,ozlotteries.com
Saturday Lotto,2006-12-10,2649,1 4 7 25 36 41 ,6 31 ,ozlotteries.com
Saturday Lotto,2006-12-03,2647,11 14 16 23 33 41 ,26 43 ,ozlotteries.com
Saturday Lotto,2006-11-26,2645,2 7 14 26 37 40 ,25 45 ,ozlotteries.com
Saturday Lotto,2006-11-19,2643,21 22 24 37 38 43 ,14 40 ,ozlotteries.com
Saturday Lotto,2006-11-12,2641,6 22 32 33 36 37 ,1 11 ,ozlotteries.com
Saturday Lotto,2006-11-05,2639,1 6 7 15 19 21 ,37 45 ,ozlotteries.com
Saturday Lotto,2006-10-29,2637,4 15 18 34 35 36 ,3 10 ,ozlotteries.com
Saturday Lotto,2006-10-22,2635,9 19 22 24 29 31 ,16 34 ,ozlotteries.com
Saturday Lotto,2006-10-15,2633,3 6 12 27 42 45 ,10 23 ,ozlotteries.com
Saturday Lotto,2006-10-08,2631,1 6 8 13 18 40 ,15 29 ,ozlotteries.com
Saturday Lotto,2006-10-01,2629,7 19 26 35 41 42 ,30 37 ,ozlotteries.com
Saturday Lotto,2006-09-24,2627,6 12 13 34 38 41 ,10 14 ,ozlotteries.com
Saturday Lotto,2006-09-17,2625,12 23 31 33 34 38 ,6 27 ,ozlotteries.com
Saturday Lotto,2006-09-10,2623,3 9 17 22 23 37 ,26 31 ,ozlotteries.com
Saturday Lotto,2006-09-03,2621,17 20 37 40 42 45 ,21 36 ,ozlotteries.com
Saturday Lotto,2006-08-27,2619,6 7 25 33 35 45 ,4 41 ,ozlotteries.com
Saturday Lotto,2006-08-20,2617,3 22 34 35 39 40 ,27 33 ,ozlotteries.com
Saturday Lotto,2006-08-13,2615,2 6 14 21 24 45 ,15 25 ,ozlotteries.com
Saturday Lotto,2006-08-06,2613,1 10 19 33 37 41 ,6 23 ,ozlotteries.com
Saturday Lotto,2006-07-30,2611,5 7 16 26 27 37 ,1 14 ,ozlotteries.com
Saturday Lotto,2006-07-23,2609,14 22 29 30 39 41 ,6 21 ,ozlotteries.com
Saturday Lotto,2006-07-16,2607,11 22 23 24 38 39 ,14 21 ,ozlotteries.com
Saturday Lotto,2006-07-09,2605,6 11 15 21 32 36 ,16 18 ,ozlotteries.com
Saturday Lotto,2006-07-02,2603,3 14 33 42 44 45 ,12 39 ,ozlotteries.com
Saturday Lotto,2006-06-25,2601,3 7 8 13 14 23 ,19 31 ,ozlotteries.com
Saturday Lotto,2006-06-18,2599,3 11 15 22 27 38 ,14 44 ,ozlotteries.com
Saturday Lotto,2006-06-11,2597,2 5 16 25 40 42 ,33 43 ,ozlotteries.com
Saturday Lotto,2006-06-04,2595,2 21 33 40 41 42 ,28 43 ,ozlotteries.com
Saturday Lotto,2006-05-28,2593,9 12 18 24 33 43 ,35 45 ,ozlotteries.com
Saturday Lotto,2006-05-21,2591,8 10 37 38 39 44 ,6 22 ,ozlotteries.com
Saturday Lotto,2006-05-14,2589,2 9 14 18 25 40 ,15 44 ,ozlotteries.com
Saturday Lotto,2006-05-07,2587,18 23 29 32 38 42 ,9 30 ,ozlotteries.com
Saturday Lotto,2006-04-30,2585,18 19 25 32 37 39 ,15 27 ,ozlotteries.com
Saturday Lotto,2006-04-23,2583,10 12 13 20 37 38 ,33 34 ,ozlotteries.com
Saturday Lotto,2006-04-16,2581,3 17 18 19 23 36 ,20 29 ,ozlotteries.com
Saturday Lotto,2006-04-09,2579,3 7 10 11 21 32 ,34 36 ,ozlotteries.com
Saturday Lotto,2006-04-02,2577,4 8 14 16 35 45 ,26 44 ,ozlotteries.com
Saturday Lotto,2006-03-26,2575,8 14 17 30 31 34 ,6 40 ,ozlotteries.com
Saturday Lotto,2006-03-19,2573,18 24 25 36 40 41 ,9 14 ,ozlotteries.com
Saturday Lotto,2006-03-12,2571,4 6 21 23 28 43 ,2 15 ,ozlotteries.com
Saturday Lotto,2006-03-05,2569,11 29 32 33 42 43 ,10 23 ,ozlotteries.com
Saturday Lotto,2006-02-26,2567,5 8 21 22 32 41 ,23 28 ,ozlotteries.com
Saturday Lotto,2006-02-19,2565,11 21 22 25 32 45 ,5 44 ,ozlotteries.com
Saturday Lotto,2006-02-12,2563,12 16 21 24 28 42 ,6 43 ,ozlotteries.com
Saturday Lotto,2006-02-05,2561,5 15 21 27 37 43 ,16 42 ,ozlotteries.com
Saturday Lotto,2006-01-29,2559,2 13 24 28 31 40 ,7 21 ,ozlotteries.com
Saturday Lotto,2006-01-22,2557,12 17 21 29 31 42 ,32 43 ,ozlotteries.com
Saturday Lotto,2006-01-15,2555,3 11 19 26 42 44 ,20 39 ,ozlotteries.com
Saturday Lotto,2006-01-08,2553,8 12 14 28 32 36 ,23 45 ,ozlotteries.com
Saturday Lotto,2006-01-01,2551,9 12 15 20 39 43 ,14 25 ,ozlotteries.com
Saturday Lotto,2005-12-25,2549,5 9 20 23 26 35 ,28 31 ,ozlotteries.com
Saturday Lotto,2005-12-18,2547,2 4 13 19 20 41 ,22 29 ,ozlotteries.com
Saturday Lotto,2005-12-11,2545,1 6 10 29 36 41 ,21 37 ,ozlotteries.com
Saturday Lotto,2005-12-04,2543,4 6 17 20 21 38 ,22 45 ,ozlotteries.com
Saturday Lotto,2005-11-27,2541,11 22 32 33 37 38 ,7 19 ,ozlotteries.com
Saturday Lotto,2005-11-20,2539,19 20 21 26 27 40 ,15 31 ,ozlotteries.com
Saturday Lotto,2005-11-13,2537,7 11 12 18 19 20 ,15 41 ,ozlotteries.com
Saturday Lotto,2005-11-06,2535,8 9 25 26 30 32 ,5 21 ,ozlotteries.com
Saturday Lotto,2005-10-30,2533,1 13 23 27 33 44 ,18 20 ,ozlotteries.com
Saturday Lotto,2005-10-23,2531,2 14 15 37 39 44 ,18 34 ,ozlotteries.com
Saturday Lotto,2005-10-16,2529,2 7 8 12 22 36 ,19 44 ,ozlotteries.com
Saturday Lotto,2005-10-09,2527,1 5 11 12 17 34 ,29 42 ,ozlotteries.com
Saturday Lotto,2005-10-02,2525,13 16 24 27 35 36 ,38 40 ,ozlotteries.com
Saturday Lotto,2005-09-25,2523,4 5 8 13 24 35 ,12 21 ,ozlotteries.com
Saturday Lotto,2005-09-18,2521,8 12 17 21 36 39 ,4 33 ,ozlotteries.com
Saturday Lotto,2005-09-11,2519,3 13 24 36 39 40 ,17 34 ,ozlotteries.com
Saturday Lotto,2005-09-04,2517,13 19 23 33 40 41 ,1 10 ,ozlotteries.com
Saturday Lotto,2005-08-28,2515,5 13 24 25 27 39 ,29 43 ,ozlotteries.com
Saturday Lotto,2005-08-21,2513,19 24 25 27 28 36 ,10 40 ,ozlotteries.com
Saturday Lotto,2005-08-14,2511,5 33 38 39 40 42 ,35 43 ,ozlotteries.com
Saturday Lotto,2005-08-07,2509,2 6 8 23 28 40 ,34 35 ,ozlotteries.com
Saturday Lotto,2005-07-31,2507,1 7 10 22 26 40 ,35 45 ,ozlotteries.com
Saturday Lotto,2005-07-24,2505,7 8 11 16 23 42 ,15 43 ,ozlotteries.com
Saturday Lotto,2005-07-17,2503,3 11 12 13 32 34 ,14 33 ,ozlotteries.com
Saturday Lotto,2005-07-10,2501,3 4 10 33 44 45 ,13 26 ,ozlotteries.com
Saturday Lotto,2005-07-03,2499,3 19 26 37 39 45 ,32 44 ,ozlotteries.com
Saturday Lotto,2005-06-26,2497,6 12 27 32 34 37 ,25 42 ,ozlotteries.com
Saturday Lotto,2005-06-19,2495,8 9 13 15 31 43 ,39 44 ,ozlotteries.com
Saturday Lotto,2005-06-12,2493,3 4 5 23 28 42 ,12 41 ,ozlotteries.com
Saturday Lotto,2005-06-05,2491,13 15 21 33 35 37 ,5 9 ,ozlotteries.com
Saturday Lotto,2005-05-29,2489,6 12 15 25 34 45 ,23 40 ,ozlotteries.com
Saturday Lotto,2005-05-22,2487,6 21 22 29 40 41 ,7 8 ,ozlotteries.com
Saturday Lotto,2005-05-15,2485,2 7 27 37 38 39 ,15 41 ,ozlotteries.com
Saturday Lotto,2005-05-08,2483,3 7 13 33 36 45 ,17 27 ,ozlotteries.com
Saturday Lotto,2005-05-01,2481,14 17 31 33 34 36 ,25 27 ,ozlotteries.com
Saturday Lotto,2005-04-24,2479,18 22 26 31 34 43 ,14 42 ,ozlotteries.com
Saturday Lotto,2005-04-17,2477,7 11 26 34 35 45 ,27 44 ,ozlotteries.com
Saturday Lotto,2005-04-10,2475,6 7 14 15 34 43 ,22 35 ,ozlotteries.com
Saturday Lotto,2005-04-03,2473,9 10 18 19 30 45 ,20 29 ,ozlotteries.com
Saturday Lotto,2005-03-27,2471,13 18 19 23 28 32 ,6 8 ,ozlotteries.com
Saturday Lotto,2005-03-20,2469,1 15 19 20 25 41 ,11 24 ,ozlotteries.com
Saturday Lotto,2005-03-13,2467,6 7 17 24 31 38 ,32 36 ,ozlotteries.com
Saturday Lotto,2005-03-06,2465,13 15 37 39 42 45 ,12 23 ,ozlotteries.com
Saturday Lotto,2005-02-27,2463,1 2 6 24 26 36 ,11 45 ,ozlotteries.com
Saturday Lotto,2005-02-20,2461,4 6 7 35 38 41 ,5 43 ,ozlotteries.com
Saturday Lotto,2005-02-13,2459,4 10 13 19 30 40 ,22 39 ,ozlotteries.com
Saturday Lotto,2005-02-06,2457,3 12 14 19 23 28 ,24 31 ,ozlotteries.com
Saturday Lotto,2005-01-30,2455,13 20 21 34 42 45 ,2 31 ,ozlotteries.com
Saturday Lotto,2005-01-23,2453,2 4 5 17 31 36 ,9 41 ,ozlotteries.com
Saturday Lotto,2005-01-16,2451,1 18 23 28 32 33 ,3 40 ,ozlotteries.com
Saturday Lotto,2005-01-09,2449,10 17 18 19 29 39 ,15 37 ,ozlotteries.com
Saturday Lotto,2005-01-01,2447,4 7 8 10 21 25 ,9 37 ,ozlotteries.com
Saturday Lotto,2004-12-26,2445,3 8 23 25 28 42 ,1 21 ,ozlotteries.com
Saturday Lotto,2004-12-19,2443,11 16 31 34 44 45 ,1 38 ,ozlotteries.com
Saturday Lotto,2004-12-12,2441,21 22 29 38 40 44 ,35 39 ,ozlotteries.com
Saturday Lotto,2004-12-05,2439,14 21 28 29 36 44 ,11 12 ,ozlotteries.com
Saturday Lotto,2004-11-28,2437,12 15 21 25 32 40 ,14 43 ,ozlotteries.com
Saturday Lotto,2004-11-21,2435,6 9 12 17 22 32 ,20 23 ,ozlotteries.com
Saturday Lotto,2004-11-14,2433,4 12 18 28 30 36 ,8 10 ,ozlotteries.com
Saturday Lotto,2004-11-07,2431,3 8 9 36 38 41 ,2 30 ,ozlotteries.com
Saturday Lotto,2004-10-31,2429,5 12 21 36 40 41 ,2 43 ,ozlotteries.com
Saturday Lotto,2004-10-24,2427,4 14 17 20 31 38 ,1 23 ,ozlotteries.com
Saturday Lotto,2004-10-17,2425,2 14 15 20 29 30 ,28 34 ,ozlotteries.com
Saturday Lotto,2004-10-10,2423,7 22 32 33 40 43 ,1 5 ,ozlotteries.com
Saturday Lotto,2004-10-03,2421,11 19 21 23 25 27 ,1 43 ,ozlotteries.com
Saturday Lotto,2004-09-26,2419,1 2 14 35 36 39 ,13 42 ,ozlotteries.com
Saturday Lotto,2004-09-19,2417,19 22 25 26 36 43 ,12 28 ,ozlotteries.com
Saturday Lotto,2004-09-12,2415,2 6 28 35 36 42 ,29 32 ,ozlotteries.com
Saturday Lotto,2004-09-05,2413,3 9 23 32 33 37 ,24 35 ,ozlotteries.com
Saturday Lotto,2004-08-29,2411,21 22 35 40 42 45 ,27 33 ,ozlotteries.com
Saturday Lotto,2004-08-22,2409,5 6 10 16 36 42 ,15 22 ,ozlotteries.com
Saturday Lotto,2004-08-15,2407,23 32 36 38 41 42 ,7 30 ,ozlotteries.com
Saturday Lotto,2004-08-08,2405,3 19 24 35 40 45 ,33 38 ,ozlotteries.com
Saturday Lotto,2004-08-01,2403,9 13 15 20 36 41 ,7 32 ,ozlotteries.com
Saturday Lotto,2004-07-25,2401,18 26 29 33 39 41 ,24 30 ,ozlotteries.com
Saturday Lotto,2004-07-18,2399,4 10 26 35 36 39 ,5 42 ,ozlotteries.com
Saturday Lotto,2004-07-11,2397,11 12 20 22 29 37 ,1 40 ,ozlotteries.com
Saturday Lotto,2004-07-04,2395,1 3 9 14 21 27 ,5 35 ,ozlotteries.com
Saturday Lotto,2004-06-27,2393,6 7 12 21 39 44 ,10 36 ,ozlotteries.com
Saturday Lotto,2004-06-20,2391,3 5 7 24 33 40 ,4 6 ,ozlotteries.com
Saturday Lotto,2004-06-13,2389,4 6 8 9 13 21 ,5 43 ,ozlotteries.com
Saturday Lotto,2004-06-06,2387,17 18 31 35 36 44 ,21 25 ,ozlotteries.com
Saturday Lotto,2004-05-30,2385,6 13 16 34 36 38 ,26 29 ,ozlotteries.com
Saturday Lotto,2004-05-23,2383,4 22 24 28 29 33 ,18 35 ,ozlotteries.com
Saturday Lotto,2004-05-16,2381,11 25 35 40 41 44 ,27 29 ,ozlotteries.com
Saturday Lotto,2004-05-09,2379,3 14 19 26 29 31 ,18 24 ,ozlotteries.com
Saturday Lotto,2004-05-02,2377,8 22 28 38 40 43 ,5 36 ,ozlotteries.com
Saturday Lotto,2004-04-25,2375,1 3 11 34 37 39 ,2 6 ,ozlotteries.com
Saturday Lotto,2004-04-18,2373,7 12 13 15 27 33 ,1 2 ,ozlotteries.com
Saturday Lotto,2004-04-11,2371,4 7 13 22 29 42 ,28 34 ,ozlotteries.com
Saturday Lotto,2004-04-04,2369,6 22 30 32 39 45 ,2 26 ,ozlotteries.com
Saturday Lotto,2004-03-28,2367,1 15 17 38 40 41 ,21 37 ,ozlotteries.com
Saturday Lotto,2004-03-21,2365,5 8 13 20 32 37 ,10 25 ,ozlotteries.com
Saturday Lotto,2004-03-14,2363,6 13 15 18 27 45 ,9 19 ,ozlotteries.com
Saturday Lotto,2004-03-07,2361,1 9 25 28 36 44 ,6 15 ,ozlotteries.com
Saturday Lotto,2004-02-29,2359,1 8 20 27 28 36 ,11 16 ,ozlotteries.com
Saturday Lotto,2004-02-22,2357,4 25 26 31 32 33 ,2 42 ,ozlotteries.com
Saturday Lotto,2004-02-15,2355,7 8 17 27 37 45 ,19 30 ,ozlotteries.com
Saturday Lotto,2004-02-08,2353,4 5 10 19 28 32 ,1 13 ,ozlotteries.com
Saturday Lotto,2004-02-01,2351,3 12 16 18 34 37 ,7 30 ,ozlotteries.com
Saturday Lotto,2004-01-25,2349,12 13 15 26 34 39 ,27 41 ,ozlotteries.com
Saturday Lotto,2004-01-18,2347,6 9 10 11 16 42 ,31 41 ,ozlotteries.com
Saturday Lotto,2004-01-11,2345,4 7 18 27 33 37 ,39 43 ,ozlotteries.com
Saturday Lotto,2004-01-04,2343,5 9 18 22 26 37 ,12 25 ,ozlotteries.com
Saturday Lotto,2003-12-28,2341,15 24 26 31 34 43 ,3 21 ,ozlotteries.com
Saturday Lotto,2003-12-21,2339,1 5 6 11 28 36 ,41 45 ,ozlotteries.com
Saturday Lotto,2003-12-14,2337,4 28 29 33 37 40 ,43 44 ,ozlotteries.com
Saturday Lotto,2003-12-07,2335,1 10 18 25 35 37 ,33 36 ,ozlotteries.com
Saturday Lotto,2003-11-30,2333,3 13 24 38 39 42 ,8 18 ,ozlotteries.com
Saturday Lotto,2003-11-23,2331,1 3 19 33 41 45 ,9 28 ,ozlotteries.com
Saturday Lotto,2003-11-16,2329,15 23 28 29 34 39 ,40 45 ,ozlotteries.com
Saturday Lotto,2003-11-09,2327,6 11 24 37 40 42 ,12 27 ,ozlotteries.com
Saturday Lotto,2003-11-02,2325,1 4 6 21 37 40 ,19 29 ,ozlotteries.com
Saturday Lotto,2003-10-26,2323,6 8 27 31 32 38 ,4 30 ,ozlotteries.com
Saturday Lotto,2003-10-19,2321,3 17 26 32 33 40 ,7 35 ,ozlotteries.com
Saturday Lotto,2003-10-12,2319,3 5 16 17 40 45 ,10 32 ,ozlotteries.com
Saturday Lotto,2003-10-05,2317,10 11 18 22 25 36 ,12 16 ,ozlotteries.com
Saturday Lotto,2003-09-28,2315,7 9 15 18 26 31 ,29 40 ,ozlotteries.com
Saturday Lotto,2003-09-21,2313,7 14 19 34 36 45 ,24 32 ,ozlotteries.com
Saturday Lotto,2003-09-14,2311,8 15 29 32 35 39 ,2 6 ,ozlotteries.com
Saturday Lotto,2003-09-07,2309,5 11 15 19 20 28 ,27 38 ,ozlotteries.com
Saturday Lotto,2003-08-31,2307,5 20 25 33 40 43 ,32 45 ,ozlotteries.com
Saturday Lotto,2003-08-24,2305,8 13 20 26 36 42 ,14 32 ,ozlotteries.com
Saturday Lotto,2003-08-17,2303,4 21 27 31 40 43 ,8 39 ,ozlotteries.com
Saturday Lotto,2003-08-10,2301,1 7 10 23 25 42 ,8 9 ,ozlotteries.com
Saturday Lotto,2003-08-03,2299,7 18 26 33 37 43 ,3 13 ,ozlotteries.com
Saturday Lotto,2003-07-27,2297,15 21 25 27 35 40 ,19 41 ,ozlotteries.com
Saturday Lotto,2003-07-20,2295,2 5 7 20 25 30 ,28 42 ,ozlotteries.com
Saturday Lotto,2003-07-13,2293,6 12 16 23 26 30 ,9 38 ,ozlotteries.com
Saturday Lotto,2003-07-06,2291,3 16 21 28 40 42 ,13 31 ,ozlotteries.com
Saturday Lotto,2003-06-29,2289,1 25 31 33 44 45 ,35 39 ,ozlotteries.com
Saturday Lotto,2003-06-22,2287,3 5 8 16 26 31 ,2 6 ,ozlotteries.com
Saturday Lotto,2003-06-15,2285,1 5 17 18 30 40 ,20 23 ,ozlotteries.com
Saturday Lotto,2003-06-08,2283,2 8 18 24 39 41 ,3 21 ,ozlotteries.com
Saturday Lotto,2003-06-01,2281,3 21 25 36 43 45 ,16 39 ,ozlotteries.com
Saturday Lotto,2003-05-25,2279,1 4 5 8 28 41 ,25 38 ,ozlotteries.com
Saturday Lotto,2003-05-18,2277,5 17 22 28 38 42 ,20 32 ,ozlotteries.com
Saturday Lotto,2003-05-11,2275,3 4 5 7 31 38 ,9 45 ,ozlotteries.com
Saturday Lotto,2003-05-04,2273,8 9 10 12 21 32 ,14 28 ,ozlotteries.com
Saturday Lotto,2003-04-27,2271,15 16 21 22 29 34 ,8 33 ,ozlotteries.com
Saturday Lotto,2003-04-20,2269,8 9 12 15 26 33 ,6 29 ,ozlotteries.com
Saturday Lotto,2003-04-13,2267,4 7 8 31 32 36 ,12 14 ,ozlotteries.com
Saturday Lotto,2003-04-06,2265,3 11 12 24 28 32 ,2 15 ,ozlotteries.com
Saturday Lotto,2003-03-30,2263,6 10 14 25 28 45 ,26 44 ,ozlotteries.com
Saturday Lotto,2003-03-23,2261,7 15 16 21 22 27 ,36 45 ,ozlotteries.com
Saturday Lotto,2003-03-16,2259,1 8 13 24 35 42 ,21 37 ,ozlotteries.com
Saturday Lotto,2003-03-09,2257,2 17 19 21 30 41 ,15 16 ,ozlotteries.com
Saturday Lotto,2003-03-02,2255,12 15 23 30 36 42 ,22 24 ,ozlotteries.com
Saturday Lotto,2003-02-23,2253,11 15 26 32 40 45 ,2 17 ,ozlotteries.com
Saturday Lotto,2003-02-16,2251,8 22 31 35 37 43 ,13 27 ,ozlotteries.com
Saturday Lotto,2003-02-09,2249,10 13 14 15 26 29 ,8 28 ,ozlotteries.com
Saturday Lotto,2003-02-02,2247,15 16 20 29 33 34 ,12 28 ,ozlotteries.com
Saturday Lotto,2003-01-26,2245,5 7 18 34 35 42 ,28 39 ,ozlotteries.com
Saturday Lotto,2003-01-19,2243,6 7 19 20 35 42 ,34 40 ,ozlotteries.com
Saturday Lotto,2003-01-12,2241,1 3 9 10 21 33 ,13 40 ,ozlotteries.com
Saturday Lotto,2003-01-05,2239,8 18 24 25 27 30 ,13 43 ,ozlotteries.com
Saturday Lotto,2002-12-29,2237,1 4 6 24 29 40 ,2 9 ,ozlotteries.com
Saturday Lotto,2002-12-22,2235,5 6 7 29 34 43 ,11 33 ,ozlotteries.com
Saturday Lotto,2002-12-15,2233,2 5 9 28 30 42 ,4 36 ,ozlotteries.com
Saturday Lotto,2002-12-08,2231,22 23 32 35 39 44 ,16 31 ,ozlotteries.com
Saturday Lotto,2002-12-01,2229,1 11 12 37 41 43 ,21 32 ,ozlotteries.com
Saturday Lotto,2002-11-24,2227,7 21 22 34 37 38 ,2 13 ,ozlotteries.com
Saturday Lotto,2002-11-17,2225,17 22 31 39 42 43 ,7 38 ,ozlotteries.com
Saturday Lotto,2002-11-10,2223,15 26 31 36 37 41 ,18 39 ,ozlotteries.com
Saturday Lotto,2002-11-03,2221,9 13 14 25 31 34 ,44 45 ,ozlotteries.com
Saturday Lotto,2002-10-27,2219,7 31 32 39 40 44 ,4 12 ,ozlotteries.com
Saturday Lotto,2002-10-20,2217,5 8 19 21 22 31 ,12 34 ,ozlotteries.com
Saturday Lotto,2002-10-13,2215,1 10 17 29 38 41 ,2 6 ,ozlotteries.com
Saturday Lotto,2002-10-06,2213,1 3 8 20 27 36 ,32 37 ,ozlotteries.com
Saturday Lotto,2002-09-29,2211,12 21 22 25 37 39 ,6 19 ,ozlotteries.com
Saturday Lotto,2002-09-22,2209,5 6 7 19 21 26 ,24 41 ,ozlotteries.com
Saturday Lotto,2002-09-15,2207,10 11 23 28 38 41 ,8 20 ,ozlotteries.com
Saturday Lotto,2002-09-08,2205,3 7 20 22 35 45 ,32 40 ,ozlotteries.com
Saturday Lotto,2002-09-01,2203,2 10 16 31 35 40 ,4 9 ,ozlotteries.com
Saturday Lotto,2002-08-25,2201,3 12 31 35 39 45 ,20 44 ,ozlotteries.com
Saturday Lotto,2002-08-18,2199,9 15 19 20 23 26 ,33 40 ,ozlotteries.com
Saturday Lotto,2002-08-11,2197,5 19 28 29 39 41 ,33 43 ,ozlotteries.com
Saturday Lotto,2002-08-04,2195,2 8 11 21 27 41 ,6 18 ,ozlotteries.com
Saturday Lotto,2002-07-28,2193,1 6 13 19 27 36 ,17 44 ,ozlotteries.com
Saturday Lotto,2002-07-21,2191,6 8 11 21 39 44 ,17 30 ,ozlotteries.com
Saturday Lotto,2002-07-14,2189,7 17 20 23 27 42 ,4 29 ,ozlotteries.com
Saturday Lotto,2002-07-07,2187,10 14 25 33 43 45 ,3 26 ,ozlotteries.com
Saturday Lotto,2002-06-30,2185,2 3 5 29 30 38 ,22 28 ,ozlotteries.com
Saturday Lotto,2002-06-23,2183,5 17 31 36 43 45 ,24 41 ,ozlotteries.com
Saturday Lotto,2002-06-16,2181,2 17 27 30 34 45 ,11 39 ,ozlotteries.com
Saturday Lotto,2002-06-09,2179,7 8 18 30 31 33 ,32 38 ,ozlotteries.com
Saturday Lotto,2002-06-02,2177,6 14 17 22 23 34 ,8 24 ,ozlotteries.com
Saturday Lotto,2002-05-26,2175,5 6 8 21 22 27 ,10 40 ,ozlotteries.com
Saturday Lotto,2002-05-19,2173,10 32 36 38 39 40 ,28 30 ,ozlotteries.com
Saturday Lotto,2002-05-12,2171,2 8 17 23 25 33 ,11 43 ,ozlotteries.com
Saturday Lotto,2002-05-05,2169,1 8 22 27 30 40 ,6 44 ,ozlotteries.com
Saturday Lotto,2002-04-28,2167,8 24 28 32 34 40 ,36 37 ,ozlotteries.com
Saturday Lotto,2002-04-21,2165,5 14 22 32 35 40 ,8 16 ,ozlotteries.com
Saturday Lotto,2002-04-14,2163,4 17 21 26 32 40 ,15 31 ,ozlotteries.com
Saturday Lotto,2002-04-07,2161,3 15 29 31 36 45 ,2 43 ,ozlotteries.com
Saturday Lotto,2002-03-31,2159,26 31 32 36 40 45 ,27 38 ,ozlotteries.com
Saturday Lotto,2002-03-24,2157,1 4 7 8 21 42 ,36 41 ,ozlotteries.com
Saturday Lotto,2002-03-17,2155,1 7 25 27 36 43 ,11 35 ,ozlotteries.com
Saturday Lotto,2002-03-10,2153,10 25 38 42 44 45 ,14 22 ,ozlotteries.com
Saturday Lotto,2002-03-03,2151,9 12 14 19 22 24 ,30 32 ,ozlotteries.com
Saturday Lotto,2002-02-24,2149,4 13 16 19 34 41 ,7 9 ,ozlotteries.com
Saturday Lotto,2002-02-17,2147,14 17 26 28 37 41 ,23 29 ,ozlotteries.com
Saturday Lotto,2002-02-10,2145,11 12 37 39 41 42 ,20 33 ,ozlotteries.com
Saturday Lotto,2002-02-03,2143,1 6 7 19 23 36 ,37 41 ,ozlotteries.com
Saturday Lotto,2002-01-27,2141,2 9 11 22 24 43 ,29 37 ,ozlotteries.com
Saturday Lotto,2002-01-20,2139,11 18 22 32 36 37 ,12 13 ,ozlotteries.com
Saturday Lotto,2002-01-13,2137,1 2 14 20 30 43 ,21 41 ,ozlotteries.com
Saturday Lotto,2002-01-06,2135,7 9 23 24 35 44 ,2 26 ,ozlotteries.com
Saturday Lotto,2001-12-30,2133,2 10 26 32 38 40 ,16 17 ,ozlotteries.com
Saturday Lotto,2001-12-23,2131,1 6 7 23 33 38 ,5 16 ,ozlotteries.com
Saturday Lotto,2001-12-16,2129,12 16 17 32 41 45 ,1 42 ,ozlotteries.com
Saturday Lotto,2001-12-09,2127,12 25 26 29 35 39 ,17 38 ,ozlotteries.com
Saturday Lotto,2001-12-02,2125,5 7 18 21 22 29 ,23 40 ,ozlotteries.com
Saturday Lotto,2001-11-25,2123,3 11 16 17 28 38 ,7 34 ,ozlotteries.com
Saturday Lotto,2001-11-18,2121,4 14 16 18 28 44 ,7 33 ,ozlotteries.com
Saturday Lotto,2001-11-11,2119,3 8 9 18 35 42 ,40 44 ,ozlotteries.com
Saturday Lotto,2001-11-04,2117,4 7 15 27 43 45 ,3 21 ,ozlotteries.com
Saturday Lotto,2001-10-28,2115,10 14 21 22 37 45 ,4 26 ,ozlotteries.com
Saturday Lotto,2001-10-21,2113,1 7 13 25 36 41 ,10 27 ,ozlotteries.com
Saturday Lotto,2001-10-14,2111,5 11 15 16 20 37 ,10 32 ,ozlotteries.com
Saturday Lotto,2001-10-07,2109,4 8 16 18 22 42 ,9 35 ,ozlotteries.com
Saturday Lotto,2001-09-30,2107,14 17 30 32 37 40 ,15 19 ,ozlotteries.com
Saturday Lotto,2001-09-23,2105,8 9 13 22 26 34 ,11 39 ,ozlotteries.com
Saturday Lotto,2001-09-16,2103,15 22 25 34 35 41 ,28 42 ,ozlotteries.com
Saturday Lotto,2001-09-09,2101,3 20 27 31 41 44 ,4 39 ,ozlotteries.com
Saturday Lotto,2001-09-02,2099,2 12 18 23 29 40 ,8 44 ,ozlotteries.com
Saturday Lotto,2001-08-26,2097,18 24 26 27 39 42 ,33 41 ,ozlotteries.com
Saturday Lotto,2001-08-19,2095,2 9 12 14 35 37 ,39 42 ,ozlotteries.com
Saturday Lotto,2001-08-12,2093,12 20 31 33 34 44 ,16 29 ,ozlotteries.com
Saturday Lotto,2001-08-05,2091,3 4 12 14 20 29 ,15 42 ,ozlotteries.com
Saturday Lotto,2001-07-29,2089,7 14 23 28 34 41 ,1 39 ,ozlotteries.com
Saturday Lotto,2001-07-22,2087,6 19 31 34 36 38 ,16 23 ,ozlotteries.com
Saturday Lotto,2001-07-15,2085,15 17 21 25 30 33 ,2 20 ,ozlotteries.com
Saturday Lotto,2001-07-08,2083,1 2 4 18 23 41 ,16 39 ,ozlotteries.com
Saturday Lotto,2001-07-01,2081,2 3 5 9 25 43 ,30 37 ,ozlotteries.com
Saturday Lotto,2001-06-24,2079,1 8 14 20 22 45 ,4 32 ,ozlotteries.com
Saturday Lotto,2001-06-17,2077,15 17 28 34 36 42 ,5 19 ,ozlotteries.com
Saturday Lotto,2001-06-10,2075,3 5 20 22 36 38 ,13 19 ,ozlotteries.com
Saturday Lotto,2001-06-03,2073,3 12 19 23 24 30 ,37 40 ,ozlotteries.com
Saturday Lotto,2001-05-27,2071,5 7 25 26 33 45 ,6 15 ,ozlotteries.com
Saturday Lotto,2001-05-20,2069,1 5 12 22 27 30 ,3 32 ,ozlotteries.com
Saturday Lotto,2001-05-13,2067,14 17 19 20 24 38 ,16 31 ,ozlotteries.com
Saturday Lotto,2001-05-06,2065,9 24 29 31 32 33 ,44 45 ,ozlotteries.com
Saturday Lotto,2001-04-29,2063,4 5 7 12 24 36 ,15 33 ,ozlotteries.com
Saturday Lotto,2001-04-22,2061,4 5 28 31 37 45 ,26 36 ,ozlotteries.com
Saturday Lotto,2001-04-15,2059,6 7 17 19 20 23 ,14 41 ,ozlotteries.com
Saturday Lotto,2001-04-08,2057,10 20 21 27 32 33 ,11 18 ,ozlotteries.com
Saturday Lotto,2001-04-01,2055,3 7 16 32 37 38 ,1 2 ,ozlotteries.com
Saturday Lotto,2001-03-25,2053,16 23 26 30 33 45 ,14 39 ,ozlotteries.com
Saturday Lotto,2001-03-18,2051,1 17 24 32 34 41 ,7 11 ,ozlotteries.com
Saturday Lotto,2001-03-11,2049,4 5 17 18 29 36 ,1 41 ,ozlotteries.com
Saturday Lotto,2001-03-04,2047,8 12 13 31 37 40 ,5 20 ,ozlotteries.com
Saturday Lotto,2001-02-25,2045,2 6 10 12 13 33 ,4 23 ,ozlotteries.com
Saturday Lotto,2001-02-18,2043,5 24 25 26 37 45 ,11 17 ,ozlotteries.com
Saturday Lotto,2001-02-11,2041,5 11 12 29 41 44 ,14 42 ,ozlotteries.com
Saturday Lotto,2001-02-04,2039,5 14 20 22 30 40 ,26 39 ,ozlotteries.com
Saturday Lotto,2001-01-28,2037,10 24 26 37 39 44 ,3 23 ,ozlotteries.com
Saturday Lotto,2001-01-21,2035,4 7 9 15 27 43 ,32 34 ,ozlotteries.com
Saturday Lotto,2001-01-14,2033,6 20 24 35 39 42 ,1 25 ,ozlotteries.com
Saturday Lotto,2001-01-07,2031,6 10 20 31 38 44 ,2 30 ,ozlotteries.com
Saturday Lotto,2000-12-31,2029,7 18 26 27 34 43 ,17 28 ,ozlotteries.com
Saturday Lotto,2000-12-24,2027,8 10 19 21 27 45 ,2 35 ,ozlotteries.com
Saturday Lotto,2000-12-17,2025,4 5 18 38 42 43 ,14 23 ,ozlotteries.com
Saturday Lotto,2000-12-10,2023,10 11 22 26 28 37 ,19 25 ,ozlotteries.com
Saturday Lotto,2000-12-03,2021,2 13 15 20 25 40 ,24 30 ,ozlotteries.com
Saturday Lotto,2000-11-26,2019,4 15 19 30 33 38 ,16 27 ,ozlotteries.com
Saturday Lotto,2000-11-19,2017,2 9 19 38 40 42 ,7 36 ,ozlotteries.com
Saturday Lotto,2000-11-12,2015,8 21 26 28 35 39 ,22 29 ,ozlotteries.com
Saturday Lotto,2000-11-05,2013,1 9 17 22 26 30 ,36 37 ,ozlotteries.com
Saturday Lotto,2000-10-29,2011,10 16 21 31 39 42 ,26 36 ,ozlotteries.com
Saturday Lotto,2000-10-22,2009,1 12 22 26 38 44 ,23 36 ,ozlotteries.com
Saturday Lotto,2000-10-15,2007,11 23 27 38 43 44 ,12 21 ,ozlotteries.com
Saturday Lotto,2000-10-08,2005,3 7 8 23 25 34 ,9 41 ,ozlotteries.com
Saturday Lotto,2000-10-01,2003,1 3 6 7 11 24 ,10 31 ,ozlotteries.com
Saturday Lotto,2000-09-24,2001,3 22 24 28 36 40 ,17 23 ,ozlotteries.com
Saturday Lotto,2000-09-17,1999,1 8 20 31 32 37 ,22 44 ,ozlotteries.com
Saturday Lotto,2000-09-10,1997,12 24 29 32 43 45 ,19 36 ,ozlotteries.com
Saturday Lotto,2000-09-03,1995,6 10 25 28 35 38 ,32 45 ,ozlotteries.com
Saturday Lotto,2000-08-27,1993,11 22 23 33 35 39 ,13 29 ,ozlotteries.com
Saturday Lotto,2000-08-20,1991,1 7 16 19 23 44 ,10 14 ,ozlotteries.com
Saturday Lotto,2000-08-13,1989,1 10 16 22 27 36 ,20 34 ,ozlotteries.com
Saturday Lotto,2000-08-06,1987,6 11 13 21 24 43 ,22 40 ,ozlotteries.com
Saturday Lotto,2000-07-30,1985,1 3 5 19 22 29 ,23 43 ,ozlotteries.com
Saturday Lotto,2000-07-23,1983,7 8 15 16 25 36 ,6 34 ,ozlotteries.com
Saturday Lotto,2000-07-16,1981,16 24 32 34 39 42 ,14 35 ,ozlotteries.com
Saturday Lotto,2000-07-09,1979,6 8 10 13 25 38 ,11 23 ,ozlotteries.com
Saturday Lotto,2000-07-02,1977,4 5 8 10 22 39 ,23 29 ,ozlotteries.com
Saturday Lotto,2000-06-25,1975,8 24 25 39 40 41 ,7 45 ,ozlotteries.com
Saturday Lotto,2000-06-18,1973,6 11 12 13 21 32 ,8 26 ,ozlotteries.com
Saturday Lotto,2000-06-11,1971,4 6 12 22 29 43 ,9 13 ,ozlotteries.com
Saturday Lotto,2000-06-04,1969,16 25 28 34 42 43 ,6 40 ,ozlotteries.com
Saturday Lotto,2000-05-28,1967,6 14 33 42 43 44 ,10 32 ,ozlotteries.com
Saturday Lotto,2000-05-21,1965,2 8 22 24 36 42 ,1 30 ,ozlotteries.com
Saturday Lotto,2000-05-14,1963,2 3 7 22 35 45 ,14 39 ,ozlotteries.com
Saturday Lotto,2000-05-07,1961,7 16 19 33 40 41 ,10 36 ,ozlotteries.com
Saturday Lotto,2000-04-30,1959,20 24 29 30 31 45 ,8 14 ,ozlotteries.com
Saturday Lotto,2000-04-23,1957,16 30 33 37 40 41 ,6 10 ,ozlotteries.com
Saturday Lotto,2000-04-16,1955,1 15 18 25 34 40 ,36 44 ,ozlotteries.com
Saturday Lotto,2000-04-09,1953,13 18 36 37 39 43 ,23 24 ,ozlotteries.com
Saturday Lotto,2000-04-02,1951,11 13 17 23 31 39 ,18 34 ,ozlotteries.com
Saturday Lotto,2000-03-26,1949,2 20 24 25 26 41 ,12 31 ,ozlotteries.com
Saturday Lotto,2000-03-19,1947,21 22 33 34 37 39 ,8 23 ,ozlotteries.com
Saturday Lotto,2000-03-12,1945,1 11 12 19 37 39 ,18 21 ,ozlotteries.com
Saturday Lotto,2000-03-05,1943,3 12 15 25 31 33 ,30 44 ,ozlotteries.com
Saturday Lotto,2000-02-27,1941,2 7 13 17 23 35 ,12 25 ,ozlotteries.com
Saturday Lotto,2000-02-20,1939,5 18 19 23 33 43 ,22 36 ,ozlotteries.com
Saturday Lotto,2000-02-13,1937,9 10 22 25 28 33 ,2 29 ,ozlotteries.com
Saturday Lotto,2000-02-06,1935,3 14 18 22 24 39 ,13 41 ,ozlotteries.com
Saturday Lotto,2000-01-30,1933,7 13 19 22 29 45 ,18 41 ,ozlotteries.com
Saturday Lotto,2000-01-23,1931,5 7 21 25 26 42 ,8 30 ,ozlotteries.com
Saturday Lotto,2000-01-16,1929,6 12 15 30 32 33 ,5 20 ,ozlotteries.com
Saturday Lotto,2000-01-09,1927,5 6 17 22 39 40 ,20 34 ,ozlotteries.com
Saturday Lotto,2000-01-01,1925,5 11 26 33 39 45 ,3 12 ,ozlotteries.com
