GAME,"DRAW ID","DRAW DATE","MAIN NUMBERS",SUPP
oz_lotto,1456,"Tuesday 11 Jan 2022","3 37 32 1 22 18 38 ","7 15 "
oz_lotto,1455,"Tuesday 04 Jan 2022","24 44 11 6 26 5 25 ","34 35 "
oz_lotto,1454,"Tuesday 28 Dec 2021","25 31 14 41 20 45 42 ","3 6 "
oz_lotto,1453,"Tuesday 21 Dec 2021","43 30 36 26 3 18 14 ","13 9 "
oz_lotto,1452,"Tuesday 14 Dec 2021","23 3 26 31 1 41 34 ","36 16 "
oz_lotto,1451,"Tuesday 07 Dec 2021","28 12 17 40 36 22 33 ","24 45 "
oz_lotto,1450,"Tuesday 30 Nov 2021","5 34 3 42 39 7 36 ","2 1 "
oz_lotto,1449,"Tuesday 23 Nov 2021","10 26 7 38 17 4 19 ","23 22 "
oz_lotto,1448,"Tuesday 16 Nov 2021","39 13 35 34 32 24 38 ","8 19 "
oz_lotto,1447,"Tuesday 09 Nov 2021","36 40 45 11 44 17 6 ","27 19 "
oz_lotto,1446,"Tuesday 02 Nov 2021","38 25 31 1 23 8 4 ","11 44 "
oz_lotto,1445,"Tuesday 26 Oct 2021","13 44 32 45 1 17 15 ","8 34 "
oz_lotto,1444,"Tuesday 19 Oct 2021","35 36 8 14 13 43 25 ","30 34 "
oz_lotto,1443,"Tuesday 12 Oct 2021","27 32 4 10 13 30 37 ","41 5 "
oz_lotto,1442,"Tuesday 05 Oct 2021","37 22 12 27 30 5 11 ","4 29 "
oz_lotto,1441,"Tuesday 28 Sep 2021","17 41 42 20 6 2 32 ","14 12 "
oz_lotto,1440,"Tuesday 21 Sep 2021","27 42 31 38 37 3 39 ","17 10 "
oz_lotto,1439,"Tuesday 14 Sep 2021","6 33 8 21 23 5 35 ","41 37 "
oz_lotto,1438,"Tuesday 07 Sep 2021","41 10 32 27 29 19 21 ","15 14 "
oz_lotto,1437,"Tuesday 31 Aug 2021","18 34 14 8 17 42 36 ","30 40 "
oz_lotto,1436,"Tuesday 24 Aug 2021","32 1 5 28 7 33 20 ","41 15 "
oz_lotto,1435,"Tuesday 17 Aug 2021","35 15 44 5 18 32 38 ","42 16 "
oz_lotto,1434,"Tuesday 10 Aug 2021","43 30 5 17 2 45 22 ","4 24 "
oz_lotto,1433,"Tuesday 03 Aug 2021","4 37 6 45 38 28 7 ","43 29 "
oz_lotto,1432,"Tuesday 27 Jul 2021","43 4 39 35 44 1 30 ","11 38 "
oz_lotto,1431,"Tuesday 20 Jul 2021","13 21 40 11 19 45 23 ","36 44 "
oz_lotto,1430,"Tuesday 13 Jul 2021","14 34 27 3 13 17 33 ","38 26 "
oz_lotto,1429,"Tuesday 06 Jul 2021","42 32 21 19 44 25 33 ","3 7 "
oz_lotto,1428,"Tuesday 29 Jun 2021","8 26 37 7 19 36 12 ","15 40 "
oz_lotto,1427,"Tuesday 22 Jun 2021","20 27 21 43 17 5 10 ","4 6 "
oz_lotto,1426,"Tuesday 15 Jun 2021","19 18 11 36 23 27 45 ","29 12 "
oz_lotto,1425,"Tuesday 08 Jun 2021","8 9 33 7 16 14 45 ","24 15 "
oz_lotto,1424,"Tuesday 01 Jun 2021","10 1 27 39 42 20 31 ","40 3 "
oz_lotto,1423,"Tuesday 25 May 2021","36 39 28 12 22 15 31 ","38 1 "
oz_lotto,1422,"Tuesday 18 May 2021","9 19 3 39 32 25 38 ","7 18 "
oz_lotto,1421,"Tuesday 11 May 2021","39 9 13 36 30 4 21 ","37 26 "
oz_lotto,1420,"Tuesday 04 May 2021","38 2 34 8 20 18 15 ","6 37 "
oz_lotto,1419,"Tuesday 27 Apr 2021","16 34 33 36 24 6 11 ","13 22 "
oz_lotto,1418,"Tuesday 20 Apr 2021","15 32 5 12 11 38 7 ","43 18 "
oz_lotto,1417,"Tuesday 13 Apr 2021","7 45 34 23 33 30 36 ","16 40 "
oz_lotto,1416,"Tuesday 06 Apr 2021","15 44 19 30 43 9 26 ","33 31 "
oz_lotto,1415,"Tuesday 30 Mar 2021","18 6 25 30 21 39 4 ","40 10 "
oz_lotto,1414,"Tuesday 23 Mar 2021","9 1 26 34 40 29 4 ","45 5 "
oz_lotto,1413,"Tuesday 16 Mar 2021","9 20 25 43 23 26 32 ","11 15 "
oz_lotto,1412,"Tuesday 09 Mar 2021","38 17 21 14 11 9 13 ","10 37 "
oz_lotto,1411,"Tuesday 02 Mar 2021","12 33 3 14 42 17 44 ","18 38 "
oz_lotto,1410,"Tuesday 23 Feb 2021","10 4 29 3 32 22 36 ","40 2 "
oz_lotto,1409,"Tuesday 16 Feb 2021","45 29 15 19 40 14 6 ","17 21 "
oz_lotto,1408,"Tuesday 09 Feb 2021","43 18 13 24 29 2 5 ","35 27 "
oz_lotto,1407,"Tuesday 02 Feb 2021","26 17 16 3 44 14 42 ","37 38 "
oz_lotto,1406,"Tuesday 26 Jan 2021","25 29 42 12 22 3 34 ","26 1 "
oz_lotto,1405,"Tuesday 19 Jan 2021","28 42 16 14 13 18 21 ","33 5 "
oz_lotto,1404,"Tuesday 12 Jan 2021","9 19 14 29 28 44 2 ","35 12 "
oz_lotto,1403,"Tuesday 05 Jan 2021","42 9 45 20 6 33 11 ","31 22 "
oz_lotto,1402,"Tuesday 29 Dec 2020","29 26 8 39 35 15 2 ","32 43 "
oz_lotto,1401,"Tuesday 22 Dec 2020","16 43 35 23 5 41 18 ","4 36 "
oz_lotto,1400,"Tuesday 15 Dec 2020","26 42 39 6 21 29 25 ","35 19 "
oz_lotto,1399,"Tuesday 08 Dec 2020","23 11 15 5 6 38 41 ","25 29 "
oz_lotto,1398,"Tuesday 01 Dec 2020","6 38 4 11 37 16 21 ","8 42 "
oz_lotto,1397,"Tuesday 24 Nov 2020","35 31 26 9 17 25 15 ","12 2 "
oz_lotto,1396,"Tuesday 17 Nov 2020","25 10 39 33 2 27 31 ","20 37 "
oz_lotto,1395,"Tuesday 10 Nov 2020","20 32 19 5 24 38 8 ","25 34 "
oz_lotto,1394,"Tuesday 03 Nov 2020","31 13 19 8 44 45 39 ","12 33 "
oz_lotto,1393,"Tuesday 27 Oct 2020","43 39 13 15 21 12 32 ","29 24 "
oz_lotto,1392,"Tuesday 20 Oct 2020","28 21 14 26 32 9 43 ","35 17 "
oz_lotto,1391,"Tuesday 13 Oct 2020","13 11 38 43 20 39 8 ","6 3 "
oz_lotto,1390,"Tuesday 06 Oct 2020","12 26 22 13 10 43 25 ","34 2 "
oz_lotto,1389,"Tuesday 29 Sep 2020","41 2 21 25 7 22 12 ","1 4 "
oz_lotto,1388,"Tuesday 22 Sep 2020","3 2 37 22 45 18 34 ","30 14 "
oz_lotto,1387,"Tuesday 15 Sep 2020","18 44 31 41 2 10 36 ","5 23 "
oz_lotto,1386,"Tuesday 08 Sep 2020","2 15 13 10 21 24 34 ","22 42 "
oz_lotto,1385,"Tuesday 01 Sep 2020","41 14 33 30 18 17 37 ","12 43 "
oz_lotto,1384,"Tuesday 25 Aug 2020","13 7 27 16 17 40 3 ","6 41 "
oz_lotto,1383,"Tuesday 18 Aug 2020","45 43 10 22 26 12 21 ","19 1 "
oz_lotto,1382,"Tuesday 11 Aug 2020","30 43 10 5 27 22 17 ","25 35 "
oz_lotto,1381,"Tuesday 04 Aug 2020","32 34 41 33 36 25 29 ","3 4 "
oz_lotto,1380,"Tuesday 28 Jul 2020","10 27 26 18 23 32 36 ","20 5 "
oz_lotto,1379,"Tuesday 21 Jul 2020","29 38 18 32 13 16 39 ","37 15 "
oz_lotto,1378,"Tuesday 14 Jul 2020","41 2 1 40 24 43 28 ","37 8 "
oz_lotto,1377,"Tuesday 07 Jul 2020","12 9 13 7 32 5 4 ","19 35 "
oz_lotto,1376,"Tuesday 30 Jun 2020","28 26 17 39 1 44 38 ","14 41 "
oz_lotto,1375,"Tuesday 23 Jun 2020","41 13 3 17 20 9 1 ","28 45 "
oz_lotto,1374,"Tuesday 16 Jun 2020","1 2 21 22 13 27 38 ","24 33 "
oz_lotto,1373,"Tuesday 09 Jun 2020","38 31 39 26 8 11 27 ","3 36 "
oz_lotto,1372,"Tuesday 02 Jun 2020","26 42 20 18 6 28 11 ","45 37 "
oz_lotto,1371,"Tuesday 26 May 2020","22 30 24 12 5 3 27 ","39 28 "
oz_lotto,1370,"Tuesday 19 May 2020","24 11 21 25 19 23 45 ","33 41 "
oz_lotto,1369,"Tuesday 12 May 2020","5 30 7 6 39 28 22 ","41 11 "
oz_lotto,1368,"Tuesday 05 May 2020","25 31 1 10 26 29 27 ","14 34 "
oz_lotto,1367,"Tuesday 28 Apr 2020","34 14 8 1 44 22 45 ","42 38 "
oz_lotto,1366,"Tuesday 21 Apr 2020","13 11 16 34 23 28 39 ","21 8 "
oz_lotto,1365,"Tuesday 14 Apr 2020","30 31 1 9 15 14 37 ","17 42 "
oz_lotto,1364,"Tuesday 07 Apr 2020","45 15 29 43 25 33 20 ","36 2 "
oz_lotto,1363,"Tuesday 31 Mar 2020","5 30 42 11 34 10 32 ","36 40 "
oz_lotto,1362,"Tuesday 24 Mar 2020","23 13 6 45 27 8 19 ","31 2 "
oz_lotto,1361,"Tuesday 17 Mar 2020","12 24 14 5 16 9 33 ","17 2 "
oz_lotto,1360,"Tuesday 10 Mar 2020","14 37 32 10 22 24 25 ","2 36 "
oz_lotto,1359,"Tuesday 03 Mar 2020","29 42 30 14 13 31 21 ","22 7 "
oz_lotto,1358,"Tuesday 25 Feb 2020","9 32 31 20 34 40 39 ","27 2 "
oz_lotto,1357,"Tuesday 18 Feb 2020","37 9 16 13 39 11 43 ","31 29 "
oz_lotto,1356,"Tuesday 11 Feb 2020","31 8 24 26 21 19 20 ","1 12 "
oz_lotto,1355,"Tuesday 04 Feb 2020","11 35 24 16 31 5 4 ","7 14 "
oz_lotto,1354,"Tuesday 28 Jan 2020","40 35 3 31 9 36 12 ","1 8 "
oz_lotto,1353,"Tuesday 21 Jan 2020","17 12 40 43 37 22 5 ","27 36 "
oz_lotto,1352,"Tuesday 14 Jan 2020","34 7 44 10 21 40 9 ","2 37 "
oz_lotto,1351,"Tuesday 07 Jan 2020","15 34 28 26 17 10 45 ","18 12 "
oz_lotto,1350,"Tuesday 31 Dec 2019","10 11 29 1 39 23 5 ","42 40 "
oz_lotto,1349,"Tuesday 24 Dec 2019","21 32 29 28 22 20 5 ","45 41 "
oz_lotto,1348,"Tuesday 17 Dec 2019","32 1 34 44 7 33 37 ","26 12 "
oz_lotto,1347,"Tuesday 10 Dec 2019","19 35 3 34 8 44 30 ","20 15 "
oz_lotto,1346,"Tuesday 03 Dec 2019","11 42 26 37 30 45 28 ","1 35 "
oz_lotto,1345,"Tuesday 26 Nov 2019","2 26 1 9 8 42 35 ","3 27 "
oz_lotto,1344,"Tuesday 19 Nov 2019","21 40 8 23 5 39 38 ","17 16 "
oz_lotto,1343,"Tuesday 12 Nov 2019","9 28 41 32 39 40 29 ","26 18 "
oz_lotto,1342,"Tuesday 05 Nov 2019","24 4 36 23 42 8 30 ","21 37 "
oz_lotto,1341,"Tuesday 29 Oct 2019","1 44 20 41 21 14 26 ","4 45 "
oz_lotto,1340,"Tuesday 22 Oct 2019","30 42 28 27 16 14 33 ","2 36 "
oz_lotto,1339,"Tuesday 15 Oct 2019","5 32 22 13 20 25 42 ","21 23 "
oz_lotto,1338,"Tuesday 08 Oct 2019","35 12 37 14 5 40 18 ","16 10 "
oz_lotto,1337,"Tuesday 01 Oct 2019","7 10 37 28 27 12 42 ","21 22 "
oz_lotto,1336,"Tuesday 24 Sep 2019","26 36 45 12 24 38 17 ","1 39 "
oz_lotto,1335,"Tuesday 17 Sep 2019","40 3 36 17 30 14 28 ","25 32 "
oz_lotto,1334,"Tuesday 10 Sep 2019","23 35 14 28 12 17 26 ","15 29 "
oz_lotto,1333,"Tuesday 03 Sep 2019","44 38 39 23 6 13 27 ","7 2 "
oz_lotto,1332,"Tuesday 27 Aug 2019","27 22 20 40 32 7 29 ","33 25 "
oz_lotto,1331,"Tuesday 20 Aug 2019","41 37 5 7 43 16 1 ","20 10 "
oz_lotto,1330,"Tuesday 13 Aug 2019","11 18 27 21 1 14 7 ","36 35 "
oz_lotto,1329,"Tuesday 06 Aug 2019","13 32 19 45 37 24 15 ","23 28 "
oz_lotto,1328,"Tuesday 30 Jul 2019","5 21 23 27 30 34 11 ","42 40 "
oz_lotto,1327,"Tuesday 23 Jul 2019","23 25 30 4 9 15 37 ","42 24 "
oz_lotto,1326,"Tuesday 16 Jul 2019","37 22 32 31 5 14 8 ","23 10 "
oz_lotto,1325,"Tuesday 09 Jul 2019","15 35 17 31 22 10 9 ","45 14 "
oz_lotto,1324,"Tuesday 02 Jul 2019","5 28 40 9 44 6 7 ","41 37 "
oz_lotto,1323,"Tuesday 25 Jun 2019","42 35 29 19 36 14 25 ","13 1 "
oz_lotto,1322,"Tuesday 18 Jun 2019","2 30 6 16 43 35 3 ","28 41 "
oz_lotto,1321,"Tuesday 11 Jun 2019","34 30 2 7 37 43 26 ","8 5 "
oz_lotto,1320,"Tuesday 04 Jun 2019","2 22 4 28 18 9 17 ","32 23 "
oz_lotto,1319,"Tuesday 28 May 2019","30 34 3 20 13 33 24 ","29 11 "
oz_lotto,1318,"Tuesday 21 May 2019","33 2 26 40 45 18 36 ","5 31 "
oz_lotto,1317,"Tuesday 14 May 2019","30 45 23 19 16 35 17 ","14 36 "
oz_lotto,1316,"Tuesday 07 May 2019","42 23 15 3 5 41 4 ","43 29 "
oz_lotto,1315,"Tuesday 30 Apr 2019","32 25 22 24 18 10 6 ","41 45 "
oz_lotto,1314,"Tuesday 23 Apr 2019","26 16 7 23 6 4 33 ","10 8 "
oz_lotto,1313,"Tuesday 16 Apr 2019","12 9 36 22 40 21 6 ","27 2 "
oz_lotto,1312,"Tuesday 09 Apr 2019","37 39 31 22 17 13 20 ","41 40 "
oz_lotto,1311,"Tuesday 02 Apr 2019","7 9 17 22 37 36 43 ","8 39 "
oz_lotto,1310,"Tuesday 26 Mar 2019","12 28 24 29 9 18 25 ","13 31 "
oz_lotto,1309,"Tuesday 19 Mar 2019","40 41 13 6 14 22 28 ","18 17 "
oz_lotto,1308,"Tuesday 12 Mar 2019","36 28 27 7 37 9 25 ","14 21 "
oz_lotto,1307,"Tuesday 05 Mar 2019","30 38 33 9 7 42 22 ","35 43 "
oz_lotto,1306,"Tuesday 26 Feb 2019","27 37 32 9 45 23 8 ","31 3 "
oz_lotto,1305,"Tuesday 19 Feb 2019","17 42 26 15 30 34 9 ","41 23 "
oz_lotto,1304,"Tuesday 12 Feb 2019","12 6 36 3 10 5 39 ","9 26 "
oz_lotto,1303,"Tuesday 05 Feb 2019","8 16 37 41 7 6 1 ","28 17 "
oz_lotto,1302,"Tuesday 29 Jan 2019","22 38 27 26 35 4 19 ","25 36 "
oz_lotto,1301,"Tuesday 22 Jan 2019","4 7 36 25 26 35 32 ","41 45 "
oz_lotto,1300,"Tuesday 15 Jan 2019","31 42 20 28 15 36 27 ","40 38 "
oz_lotto,1299,"Tuesday 08 Jan 2019","12 35 20 36 43 32 5 ","10 45 "
oz_lotto,1298,"Tuesday 01 Jan 2019","32 30 26 11 20 23 44 ","6 18 "
oz_lotto,1297,"Tuesday 25 Dec 2018","28 4 38 11 7 32 33 ","40 3 "
oz_lotto,1296,"Tuesday 18 Dec 2018","16 15 27 4 13 45 29 ","43 26 "
oz_lotto,1295,"Tuesday 11 Dec 2018","42 33 38 8 18 37 7 ","32 20 "
oz_lotto,1294,"Tuesday 04 Dec 2018","21 18 32 35 27 19 20 ","17 44 "
oz_lotto,1293,"Tuesday 27 Nov 2018","4 18 30 13 38 7 25 ","3 5 "
oz_lotto,1292,"Tuesday 20 Nov 2018","39 28 24 13 2 22 19 ","5 1 "
oz_lotto,1291,"Tuesday 13 Nov 2018","19 11 9 45 28 42 16 ","6 35 "
oz_lotto,1290,"Tuesday 06 Nov 2018","22 15 14 23 27 3 34 ","33 8 "
oz_lotto,1289,"Tuesday 30 Oct 2018","8 3 31 17 14 7 28 ","30 39 "
oz_lotto,1288,"Tuesday 23 Oct 2018","12 27 28 44 7 33 32 ","19 17 "
oz_lotto,1287,"Tuesday 16 Oct 2018","43 21 14 3 15 41 2 ","29 25 "
oz_lotto,1286,"Tuesday 09 Oct 2018","4 45 32 41 26 30 25 ","9 44 "
oz_lotto,1285,"Tuesday 02 Oct 2018","7 38 41 16 15 24 43 ","34 27 "
oz_lotto,1284,"Tuesday 25 Sep 2018","29 17 33 39 21 20 24 ","31 8 "
oz_lotto,1283,"Tuesday 18 Sep 2018","39 26 42 32 33 20 23 ","22 24 "
oz_lotto,1282,"Tuesday 11 Sep 2018","6 4 36 23 2 30 32 ","11 27 "
oz_lotto,1281,"Tuesday 04 Sep 2018","25 41 30 33 11 15 36 ","34 14 "
oz_lotto,1280,"Tuesday 28 Aug 2018","21 13 1 2 23 19 34 ","11 33 "
oz_lotto,1279,"Tuesday 21 Aug 2018","9 32 4 14 38 12 3 ","35 24 "
oz_lotto,1278,"Tuesday 14 Aug 2018","5 11 28 24 38 37 25 ","1 27 "
oz_lotto,1277,"Tuesday 07 Aug 2018","31 26 15 21 14 24 40 ","33 3 "
oz_lotto,1276,"Tuesday 31 Jul 2018","7 26 25 40 10 13 1 ","38 31 "
oz_lotto,1275,"Tuesday 24 Jul 2018","38 2 13 40 3 39 22 ","34 7 "
oz_lotto,1274,"Tuesday 17 Jul 2018","19 17 38 20 28 11 42 ","27 35 "
oz_lotto,1273,"Tuesday 10 Jul 2018","37 13 10 1 40 3 44 ","41 6 "
oz_lotto,1272,"Tuesday 03 Jul 2018","27 23 18 10 4 9 16 ","41 35 "
oz_lotto,1271,"Tuesday 26 Jun 2018","14 36 32 11 10 34 22 ","30 2 "
oz_lotto,1270,"Tuesday 19 Jun 2018","20 18 26 35 10 22 16 ","25 34 "
oz_lotto,1269,"Tuesday 12 Jun 2018","22 2 31 38 12 7 45 ","11 29 "
oz_lotto,1268,"Tuesday 05 Jun 2018","11 30 45 18 33 37 23 ","6 3 "
oz_lotto,1267,"Tuesday 29 May 2018","13 21 44 1 8 12 9 ","38 10 "
oz_lotto,1266,"Tuesday 22 May 2018","2 13 39 45 19 12 31 ","24 41 "
oz_lotto,1265,"Tuesday 15 May 2018","41 3 12 13 6 40 29 ","4 39 "
oz_lotto,1264,"Tuesday 08 May 2018","41 45 27 31 29 9 43 ","16 6 "
oz_lotto,1263,"Tuesday 01 May 2018","15 11 9 19 27 8 36 ","5 29 "
oz_lotto,1262,"Tuesday 24 Apr 2018","7 45 39 4 16 27 29 ","40 24 "
oz_lotto,1261,"Tuesday 17 Apr 2018","43 20 7 27 36 11 23 ","18 26 "
oz_lotto,1260,"Tuesday 10 Apr 2018","31 25 3 23 17 40 15 ","16 26 "
oz_lotto,1259,"Tuesday 03 Apr 2018","2 42 37 24 13 26 36 ","44 14 "
oz_lotto,1258,"Tuesday 27 Mar 2018","29 19 38 22 3 5 27 ","41 35 "
oz_lotto,1257,"Tuesday 20 Mar 2018","4 16 34 8 32 11 13 ","29 20 "
oz_lotto,1256,"Tuesday 13 Mar 2018","18 23 5 29 35 25 39 ","15 21 "
oz_lotto,1255,"Tuesday 06 Mar 2018","5 30 34 41 18 38 37 ","28 11 "
oz_lotto,1254,"Tuesday 27 Feb 2018","33 2 29 31 16 39 25 ","42 36 "
oz_lotto,1253,"Tuesday 20 Feb 2018","2 29 1 35 11 15 5 ","31 21 "
oz_lotto,1252,"Tuesday 13 Feb 2018","42 26 3 37 40 2 35 ","36 32 "
oz_lotto,1251,"Tuesday 06 Feb 2018","6 35 43 41 22 40 11 ","21 45 "
oz_lotto,1250,"Tuesday 30 Jan 2018","24 12 45 5 40 31 2 ","30 16 "
oz_lotto,1249,"Tuesday 23 Jan 2018","31 25 21 44 33 28 16 ","35 1 "
oz_lotto,1248,"Tuesday 16 Jan 2018","9 37 26 23 30 7 4 ","38 5 "
oz_lotto,1247,"Tuesday 09 Jan 2018","45 26 8 1 43 9 40 ","34 27 "
oz_lotto,1246,"Tuesday 02 Jan 2018","8 26 1 12 30 43 28 ","7 11 "
oz_lotto,1245,"Tuesday 26 Dec 2017","7 30 37 2 41 9 45 ","33 23 "
oz_lotto,1244,"Tuesday 19 Dec 2017","34 35 18 44 26 37 5 ","1 36 "
oz_lotto,1243,"Tuesday 12 Dec 2017","6 31 35 7 4 43 3 ","5 2 "
oz_lotto,1242,"Tuesday 05 Dec 2017","45 4 22 34 26 9 28 ","43 15 "
oz_lotto,1241,"Tuesday 28 Nov 2017","16 3 9 7 28 35 19 ","10 1 "
oz_lotto,1240,"Tuesday 21 Nov 2017","14 15 45 33 26 16 23 ","24 5 "
oz_lotto,1239,"Tuesday 14 Nov 2017","15 3 16 5 25 30 1 ","40 12 "
oz_lotto,1238,"Tuesday 07 Nov 2017","45 4 37 12 30 26 13 ","10 17 "
oz_lotto,1237,"Tuesday 31 Oct 2017","6 23 21 30 42 44 32 ","29 9 "
oz_lotto,1236,"Tuesday 24 Oct 2017","31 15 22 9 35 40 44 ","32 36 "
oz_lotto,1235,"Tuesday 17 Oct 2017","41 40 38 39 7 23 32 ","35 19 "
oz_lotto,1234,"Tuesday 10 Oct 2017","17 42 20 7 31 28 12 ","1 25 "
oz_lotto,1233,"Tuesday 03 Oct 2017","43 36 7 30 14 9 26 ","41 38 "
oz_lotto,1232,"Tuesday 26 Sep 2017","41 45 8 14 6 13 33 ","15 42 "
oz_lotto,1231,"Tuesday 19 Sep 2017","15 6 37 29 42 14 31 ","30 45 "
oz_lotto,1230,"Tuesday 12 Sep 2017","1 44 20 41 24 12 45 ","6 38 "
oz_lotto,1229,"Tuesday 05 Sep 2017","16 45 4 35 8 28 27 ","22 34 "
oz_lotto,1228,"Tuesday 29 Aug 2017","24 8 44 23 22 21 36 ","4 37 "
oz_lotto,1227,"Tuesday 22 Aug 2017","14 43 41 16 7 12 40 ","37 38 "
oz_lotto,1226,"Tuesday 15 Aug 2017","17 43 8 33 25 13 4 ","15 23 "
oz_lotto,1225,"Tuesday 08 Aug 2017","15 21 45 25 6 43 40 ","19 26 "
oz_lotto,1224,"Tuesday 01 Aug 2017","9 16 41 13 37 43 3 ","11 26 "
oz_lotto,1223,"Tuesday 25 Jul 2017","1 15 4 6 22 29 39 ","14 7 "
oz_lotto,1222,"Tuesday 18 Jul 2017","2 45 29 7 23 19 21 ","37 43 "
oz_lotto,1221,"Tuesday 11 Jul 2017","30 40 37 39 36 4 22 ","35 14 "
oz_lotto,1220,"Tuesday 04 Jul 2017","28 33 37 43 18 35 7 ","19 21 "
oz_lotto,1219,"Tuesday 27 Jun 2017","6 3 8 26 41 40 22 ","27 32 "
oz_lotto,1218,"Tuesday 20 Jun 2017","16 25 28 13 23 17 21 ","34 2 "
oz_lotto,1217,"Tuesday 13 Jun 2017","14 9 2 13 43 10 4 ","45 12 "
oz_lotto,1216,"Tuesday 06 Jun 2017","10 23 11 30 19 34 15 ","2 26 "
oz_lotto,1215,"Tuesday 30 May 2017","1 35 31 19 4 13 26 ","25 37 "
oz_lotto,1214,"Tuesday 23 May 2017","4 2 12 22 20 17 38 ","35 16 "
oz_lotto,1213,"Tuesday 16 May 2017","9 21 43 14 22 41 27 ","4 8 "
oz_lotto,1212,"Tuesday 09 May 2017","1 15 45 16 3 20 33 ","39 12 "
oz_lotto,1211,"Tuesday 02 May 2017","28 22 9 19 38 17 2 ","41 33 "
oz_lotto,1210,"Tuesday 25 Apr 2017","11 41 28 43 45 37 27 ","4 31 "
oz_lotto,1209,"Tuesday 18 Apr 2017","42 13 33 44 39 29 27 ","15 31 "
oz_lotto,1208,"Tuesday 11 Apr 2017","25 23 38 45 21 28 1 ","2 33 "
oz_lotto,1207,"Tuesday 04 Apr 2017","6 8 36 45 33 23 1 ","43 27 "
oz_lotto,1206,"Tuesday 28 Mar 2017","12 39 45 41 37 22 23 ","20 18 "
oz_lotto,1205,"Tuesday 21 Mar 2017","27 25 44 33 6 15 31 ","26 19 "
oz_lotto,1204,"Tuesday 14 Mar 2017","10 14 25 6 31 2 28 ","33 8 "
oz_lotto,1203,"Tuesday 07 Mar 2017","21 18 17 6 37 33 4 ","1 8 "
oz_lotto,1202,"Tuesday 28 Feb 2017","2 37 26 17 42 33 27 ","44 4 "
oz_lotto,1201,"Tuesday 21 Feb 2017","19 28 31 5 45 41 9 ","1 37 "
oz_lotto,1200,"Tuesday 14 Feb 2017","7 39 45 38 1 30 9 ","28 14 "
oz_lotto,1199,"Tuesday 07 Feb 2017","20 32 4 8 29 37 40 ","7 17 "
oz_lotto,1198,"Tuesday 31 Jan 2017","24 3 8 38 18 20 30 ","44 21 "
oz_lotto,1197,"Tuesday 24 Jan 2017","17 24 43 31 20 34 27 ","29 6 "
oz_lotto,1196,"Tuesday 17 Jan 2017","39 31 7 37 2 22 21 ","40 1 "
oz_lotto,1195,"Tuesday 10 Jan 2017","34 2 43 18 12 17 41 ","16 22 "
oz_lotto,1194,"Tuesday 03 Jan 2017","1 27 17 12 24 15 23 ","41 29 "
oz_lotto,1193,"Tuesday 27 Dec 2016","27 7 35 34 25 33 28 ","38 41 "
oz_lotto,1192,"Tuesday 20 Dec 2016","26 16 14 36 25 29 45 ","3 7 "
oz_lotto,1191,"Tuesday 13 Dec 2016","44 31 37 17 20 34 39 ","29 24 "
oz_lotto,1190,"Tuesday 06 Dec 2016","35 30 17 43 34 45 15 ","14 23 "
oz_lotto,1189,"Tuesday 29 Nov 2016","31 32 12 35 28 22 42 ","39 1 "
oz_lotto,1188,"Tuesday 22 Nov 2016","32 31 11 30 17 45 43 ","10 7 "
oz_lotto,1187,"Tuesday 15 Nov 2016","7 26 27 11 18 15 16 ","30 21 "
oz_lotto,1186,"Tuesday 08 Nov 2016","42 5 7 36 22 2 13 ","23 18 "
oz_lotto,1185,"Tuesday 01 Nov 2016","17 22 43 6 27 41 9 ","8 36 "
oz_lotto,1184,"Tuesday 25 Oct 2016","20 8 37 33 5 34 36 ","40 17 "
oz_lotto,1183,"Tuesday 18 Oct 2016","43 37 23 6 9 3 13 ","38 32 "
oz_lotto,1182,"Tuesday 11 Oct 2016","25 3 8 38 18 21 27 ","23 35 "
oz_lotto,1181,"Tuesday 04 Oct 2016","10 14 4 3 28 41 12 ","32 5 "
oz_lotto,1180,"Tuesday 27 Sep 2016","45 13 32 36 3 26 21 ","31 14 "
oz_lotto,1179,"Tuesday 20 Sep 2016","39 4 31 33 34 12 27 ","20 36 "
oz_lotto,1178,"Tuesday 13 Sep 2016","42 19 30 29 1 3 44 ","28 23 "
oz_lotto,1177,"Tuesday 06 Sep 2016","27 29 37 44 39 8 16 ","43 38 "
oz_lotto,1176,"Tuesday 30 Aug 2016","16 33 27 9 12 43 22 ","15 31 "
oz_lotto,1175,"Tuesday 23 Aug 2016","21 5 32 15 45 36 1 ","31 9 "
oz_lotto,1174,"Tuesday 16 Aug 2016","24 36 9 11 44 27 20 ","10 31 "
oz_lotto,1173,"Tuesday 09 Aug 2016","26 13 33 2 18 11 41 ","34 6 "
oz_lotto,1172,"Tuesday 02 Aug 2016","45 7 8 27 31 33 1 ","2 41 "
oz_lotto,1171,"Tuesday 26 Jul 2016","38 30 31 22 4 11 1 ","25 26 "
oz_lotto,1170,"Tuesday 19 Jul 2016","22 34 7 4 32 45 41 ","23 36 "
oz_lotto,1169,"Tuesday 12 Jul 2016","24 28 39 1 11 19 29 ","38 37 "
oz_lotto,1168,"Tuesday 05 Jul 2016","43 41 37 14 9 2 31 ","1 17 "
oz_lotto,1167,"Tuesday 28 Jun 2016","11 13 32 24 16 19 44 ","26 38 "
oz_lotto,1166,"Tuesday 21 Jun 2016","36 44 2 42 28 5 16 ","25 22 "
oz_lotto,1165,"Tuesday 14 Jun 2016","20 45 29 18 22 25 44 ","40 36 "
oz_lotto,1164,"Tuesday 07 Jun 2016","34 22 14 8 6 16 29 ","38 19 "
oz_lotto,1163,"Tuesday 31 May 2016","23 9 15 33 44 21 6 ","1 29 "
oz_lotto,1162,"Tuesday 24 May 2016","22 32 25 11 38 4 5 ","20 40 "
oz_lotto,1161,"Tuesday 17 May 2016","5 24 18 42 44 10 21 ","3 35 "
oz_lotto,1160,"Tuesday 10 May 2016","21 44 26 27 22 36 20 ","32 25 "
oz_lotto,1159,"Tuesday 03 May 2016","11 42 20 18 9 33 30 ","27 2 "
oz_lotto,1158,"Tuesday 26 Apr 2016","19 41 6 15 45 1 5 ","20 3 "
oz_lotto,1158,"Tuesday 26 Apr 2016","19 41 6 15 45 1 5 ","20 3 "
oz_lotto,1158,"Tuesday 26 Apr 2016","19 41 6 15 45 1 5 ","20 3 "
oz_lotto,1158,"Tuesday 26 Apr 2016","19 41 6 15 45 1 5 ","20 3 "
oz_lotto,1158,"Tuesday 26 Apr 2016","19 41 6 15 45 1 5 ","20 3 "
oz_lotto,1158,"Tuesday 26 Apr 2016","19 41 6 15 45 1 5 ","20 3 "
oz_lotto,1158,"Tuesday 26 Apr 2016","19 41 6 15 45 1 5 ","20 3 "
oz_lotto,1158,"Tuesday 26 Apr 2016","19 41 6 15 45 1 5 ","20 3 "
oz_lotto,1158,"Tuesday 26 Apr 2016","19 41 6 15 45 1 5 ","20 3 "
oz_lotto,1158,"Tuesday 26 Apr 2016","19 41 6 15 45 1 5 ","20 3 "
oz_lotto,1158,"Tuesday 26 Apr 2016","19 41 6 15 45 1 5 ","20 3 "
oz_lotto,1158,"Tuesday 26 Apr 2016","19 41 6 15 45 1 5 ","20 3 "
oz_lotto,1157,"Tuesday 19 Apr 2016","25 33 40 5 29 42 22 ","39 21 "
oz_lotto,1157,"Tuesday 19 Apr 2016","25 33 40 5 29 42 22 ","39 21 "
oz_lotto,1157,"Tuesday 19 Apr 2016","25 33 40 5 29 42 22 ","39 21 "
oz_lotto,1157,"Tuesday 19 Apr 2016","25 33 40 5 29 42 22 ","39 21 "
oz_lotto,1157,"Tuesday 19 Apr 2016","25 33 40 5 29 42 22 ","39 21 "
oz_lotto,1157,"Tuesday 19 Apr 2016","25 33 40 5 29 42 22 ","39 21 "
oz_lotto,1157,"Tuesday 19 Apr 2016","25 33 40 5 29 42 22 ","39 21 "
oz_lotto,1157,"Tuesday 19 Apr 2016","25 33 40 5 29 42 22 ","39 21 "
oz_lotto,1157,"Tuesday 19 Apr 2016","25 33 40 5 29 42 22 ","39 21 "
oz_lotto,1157,"Tuesday 19 Apr 2016","25 33 40 5 29 42 22 ","39 21 "
oz_lotto,1157,"Tuesday 19 Apr 2016","25 33 40 5 29 42 22 ","39 21 "
oz_lotto,1157,"Tuesday 19 Apr 2016","25 33 40 5 29 42 22 ","39 21 "
oz_lotto,1156,"Tuesday 12 Apr 2016","31 35 42 39 18 23 43 ","37 5 "
oz_lotto,1156,"Tuesday 12 Apr 2016","31 35 42 39 18 23 43 ","37 5 "
oz_lotto,1156,"Tuesday 12 Apr 2016","31 35 42 39 18 23 43 ","37 5 "
oz_lotto,1156,"Tuesday 12 Apr 2016","31 35 42 39 18 23 43 ","37 5 "
oz_lotto,1156,"Tuesday 12 Apr 2016","31 35 42 39 18 23 43 ","37 5 "
oz_lotto,1156,"Tuesday 12 Apr 2016","31 35 42 39 18 23 43 ","37 5 "
oz_lotto,1156,"Tuesday 12 Apr 2016","31 35 42 39 18 23 43 ","37 5 "
oz_lotto,1156,"Tuesday 12 Apr 2016","31 35 42 39 18 23 43 ","37 5 "
oz_lotto,1156,"Tuesday 12 Apr 2016","31 35 42 39 18 23 43 ","37 5 "
oz_lotto,1156,"Tuesday 12 Apr 2016","31 35 42 39 18 23 43 ","37 5 "
oz_lotto,1156,"Tuesday 12 Apr 2016","31 35 42 39 18 23 43 ","37 5 "
oz_lotto,1156,"Tuesday 12 Apr 2016","31 35 42 39 18 23 43 ","37 5 "
oz_lotto,1155,"Tuesday 05 Apr 2016","17 37 44 15 2 3 28 ","18 4 "
oz_lotto,1155,"Tuesday 05 Apr 2016","17 37 44 15 2 3 28 ","18 4 "
oz_lotto,1155,"Tuesday 05 Apr 2016","17 37 44 15 2 3 28 ","18 4 "
oz_lotto,1155,"Tuesday 05 Apr 2016","17 37 44 15 2 3 28 ","18 4 "
oz_lotto,1155,"Tuesday 05 Apr 2016","17 37 44 15 2 3 28 ","18 4 "
oz_lotto,1155,"Tuesday 05 Apr 2016","17 37 44 15 2 3 28 ","18 4 "
oz_lotto,1155,"Tuesday 05 Apr 2016","17 37 44 15 2 3 28 ","18 4 "
oz_lotto,1155,"Tuesday 05 Apr 2016","17 37 44 15 2 3 28 ","18 4 "
oz_lotto,1155,"Tuesday 05 Apr 2016","17 37 44 15 2 3 28 ","18 4 "
oz_lotto,1155,"Tuesday 05 Apr 2016","17 37 44 15 2 3 28 ","18 4 "
oz_lotto,1155,"Tuesday 05 Apr 2016","17 37 44 15 2 3 28 ","18 4 "
oz_lotto,1155,"Tuesday 05 Apr 2016","17 37 44 15 2 3 28 ","18 4 "
oz_lotto,1154,"Tuesday 29 Mar 2016","3 9 12 26 33 38 39 ","23 44 "
oz_lotto,1153,"Tuesday 22 Mar 2016","1 9 17 19 32 37 38 ","22 41 "
oz_lotto,1152,"Tuesday 15 Mar 2016","2 8 12 13 32 37 38 ","11 23 "
oz_lotto,1151,"Tuesday 08 Mar 2016","1 9 21 24 35 44 45 ","6 10 "
oz_lotto,1150,"Tuesday 01 Mar 2016","3 5 20 27 30 32 41 ","15 40 "
oz_lotto,1149,"Tuesday 23 Feb 2016","1 5 18 21 22 36 39 ","7 38 "
oz_lotto,1148,"Tuesday 16 Feb 2016","13 15 22 28 33 37 45 ","21 27 "
oz_lotto,1147,"Tuesday 09 Feb 2016","6 11 22 30 35 37 40 ","9 16 "
oz_lotto,1146,"Tuesday 02 Feb 2016","2 5 7 9 19 22 44 ","28 36 "
oz_lotto,1145,"Tuesday 26 Jan 2016","5 13 23 24 26 35 41 ","9 34 "
oz_lotto,1144,"Tuesday 19 Jan 2016","1 10 12 13 25 31 34 ","15 38 "
oz_lotto,1143,"Tuesday 12 Jan 2016","9 10 17 24 34 35 43 ","8 33 "
oz_lotto,1142,"Tuesday 05 Jan 2016","18 19 25 31 33 37 43 ","13 34 "
oz_lotto,1141,"Tuesday 29 Dec 2015","4 9 16 28 35 37 43 ","3 20 "
oz_lotto,1140,"Tuesday 22 Dec 2015","10 20 26 27 29 34 44 ","2 19 "
oz_lotto,1139,"Tuesday 15 Dec 2015","4 6 8 20 33 37 44 ","1 2 "
oz_lotto,1138,"Tuesday 08 Dec 2015","8 11 14 19 30 36 40 ","5 16 "
oz_lotto,1137,"Tuesday 01 Dec 2015","5 7 8 13 14 15 29 ","27 28 "
oz_lotto,1136,"Tuesday 24 Nov 2015","1 9 12 22 24 25 30 ","6 39 "
oz_lotto,1135,"Tuesday 17 Nov 2015","5 16 19 26 29 32 39 ","1 4 "
oz_lotto,1134,"Tuesday 10 Nov 2015","20 22 23 25 33 34 36 ","13 21 "
oz_lotto,1133,"Tuesday 03 Nov 2015","5 19 30 31 32 37 40 ","24 44 "
oz_lotto,1132,"Tuesday 27 Oct 2015","3 5 10 11 18 30 44 ","31 42 "
oz_lotto,1131,"Tuesday 20 Oct 2015","9 10 11 21 35 43 45 ","40 41 "
oz_lotto,1130,"Tuesday 13 Oct 2015","28 29 32 34 36 37 41 ","9 30 "
oz_lotto,1129,"Tuesday 06 Oct 2015","2 7 13 21 26 36 42 ","29 40 "
oz_lotto,1128,"Tuesday 29 Sep 2015","1 3 10 12 26 34 42 ","4 20 "
oz_lotto,1127,"Tuesday 22 Sep 2015","21 23 27 35 37 42 44 ","28 32 "
oz_lotto,1126,"Tuesday 15 Sep 2015","1 2 13 19 29 33 43 ","9 31 "
oz_lotto,1125,"Tuesday 08 Sep 2015","4 9 13 21 24 37 38 ","28 34 "
oz_lotto,1124,"Tuesday 01 Sep 2015","13 18 22 24 25 43 45 ","12 35 "
oz_lotto,1123,"Tuesday 25 Aug 2015","15 18 19 21 25 34 45 ","1 30 "
oz_lotto,1122,"Tuesday 18 Aug 2015","3 6 7 25 29 32 42 ","2 22 "
oz_lotto,1121,"Tuesday 11 Aug 2015","1 4 9 11 15 32 37 ","34 44 "
oz_lotto,1120,"Tuesday 04 Aug 2015","8 9 14 19 40 41 44 ","4 18 "
oz_lotto,1119,"Tuesday 28 Jul 2015","14 18 20 25 33 36 38 ","6 19 "
oz_lotto,1118,"Tuesday 21 Jul 2015","3 13 20 21 26 30 33 ","17 37 "
oz_lotto,1117,"Tuesday 14 Jul 2015","2 15 30 33 34 38 44 ","8 20 "
oz_lotto,1116,"Tuesday 07 Jul 2015","1 11 17 19 23 27 36 ","40 45 "
oz_lotto,1115,"Tuesday 30 Jun 2015","2 10 11 13 22 29 33 ","8 9 "
oz_lotto,1114,"Tuesday 23 Jun 2015","2 5 9 19 27 36 45 ","7 41 "
oz_lotto,1113,"Tuesday 16 Jun 2015","4 7 8 17 20 30 40 ","28 45 "
oz_lotto,1112,"Tuesday 09 Jun 2015","5 7 10 14 15 21 32 ","16 31 "
oz_lotto,1111,"Tuesday 02 Jun 2015","2 17 18 21 30 33 37 ","32 43 "
oz_lotto,1110,"Tuesday 26 May 2015","9 26 32 39 40 42 44 ","4 11 "
oz_lotto,1109,"Tuesday 19 May 2015","2 4 6 14 16 25 27 ","21 45 "
oz_lotto,1108,"Tuesday 12 May 2015","13 24 27 28 30 33 43 ","4 25 "
oz_lotto,1107,"Tuesday 05 May 2015","2 17 18 21 29 37 45 ","11 38 "
oz_lotto,1106,"Tuesday 28 Apr 2015","2 29 30 34 35 41 45 ","3 19 "
oz_lotto,1105,"Tuesday 21 Apr 2015","2 8 10 25 28 33 37 ","1 41 "
oz_lotto,1104,"Tuesday 14 Apr 2015","2 3 12 24 33 42 45 ","6 19 "
oz_lotto,1103,"Tuesday 07 Apr 2015","10 11 14 22 26 36 42 ","34 45 "
oz_lotto,1102,"Tuesday 31 Mar 2015","3 4 16 17 29 32 44 ","33 34 "
oz_lotto,1101,"Tuesday 24 Mar 2015","4 11 16 24 28 33 45 ","41 44 "
oz_lotto,1100,"Tuesday 17 Mar 2015","4 5 14 15 16 29 42 ","10 36 "
oz_lotto,1099,"Tuesday 10 Mar 2015","3 5 22 25 27 36 45 ","41 44 "
oz_lotto,1098,"Tuesday 03 Mar 2015","5 19 20 23 26 31 43 ","21 35 "
oz_lotto,1097,"Tuesday 24 Feb 2015","3 4 6 18 21 23 31 ","26 37 "
oz_lotto,1096,"Tuesday 17 Feb 2015","2 4 19 25 30 31 38 ","11 22 "
oz_lotto,1095,"Tuesday 10 Feb 2015","6 32 36 39 40 42 44 ","28 38 "
oz_lotto,1094,"Tuesday 03 Feb 2015","2 5 7 10 11 12 36 ","4 14 "
oz_lotto,1093,"Tuesday 27 Jan 2015","1 7 9 30 31 35 40 ","13 39 "
oz_lotto,1092,"Tuesday 20 Jan 2015","2 14 15 20 28 31 34 ","29 42 "
oz_lotto,1091,"Tuesday 13 Jan 2015","23 24 33 36 38 40 44 ","20 37 "
oz_lotto,1090,"Tuesday 06 Jan 2015","2 6 11 19 35 39 40 ","8 22 "
oz_lotto,1089,"Tuesday 30 Dec 2014","4 7 19 26 35 41 43 ","23 31 "
oz_lotto,1088,"Tuesday 23 Dec 2014","6 13 17 19 25 34 37 ","12 45 "
oz_lotto,1087,"Tuesday 16 Dec 2014","4 11 20 21 25 42 45 ","1 23 "
oz_lotto,1086,"Tuesday 09 Dec 2014","7 13 15 21 25 42 43 ","22 27 "
oz_lotto,1085,"Tuesday 02 Dec 2014","1 15 21 29 35 36 45 ","19 40 "
oz_lotto,1084,"Tuesday 25 Nov 2014","8 9 13 16 24 25 42 ","4 33 "
oz_lotto,1083,"Tuesday 18 Nov 2014","14 28 29 30 37 38 44 ","9 34 "
oz_lotto,1082,"Tuesday 11 Nov 2014","2 10 21 25 33 41 43 ","4 31 "
oz_lotto,1081,"Tuesday 04 Nov 2014","13 14 18 21 23 25 31 ","2 38 "
oz_lotto,1080,"Tuesday 28 Oct 2014","6 9 20 21 22 38 40 ","2 18 "
oz_lotto,1079,"Tuesday 21 Oct 2014","6 14 17 19 25 32 34 ","5 41 "
oz_lotto,1078,"Tuesday 14 Oct 2014","3 12 17 21 24 38 45 ","2 19 "
oz_lotto,1077,"Tuesday 07 Oct 2014","3 6 15 19 20 23 28 ","2 31 "
oz_lotto,1076,"Tuesday 30 Sep 2014","10 14 27 30 34 36 40 ","4 17 "
oz_lotto,1075,"Tuesday 23 Sep 2014","6 15 16 22 35 39 43 ","2 40 "
oz_lotto,1074,"Tuesday 16 Sep 2014","13 15 31 33 34 36 45 ","2 32 "
oz_lotto,1073,"Tuesday 09 Sep 2014","15 23 25 28 38 43 44 ","8 41 "
oz_lotto,1072,"Tuesday 02 Sep 2014","1 3 9 15 29 40 43 ","18 39 "
oz_lotto,1071,"Tuesday 26 Aug 2014","2 3 4 12 17 26 32 ","8 22 "
oz_lotto,1070,"Tuesday 19 Aug 2014","1 5 7 31 33 41 43 ","38 42 "
oz_lotto,1069,"Tuesday 12 Aug 2014","3 5 29 32 37 41 43 ","16 36 "
oz_lotto,1068,"Tuesday 05 Aug 2014","3 9 21 25 33 35 42 ","16 38 "
oz_lotto,1067,"Tuesday 29 Jul 2014","1 10 15 30 31 38 43 ","22 35 "
oz_lotto,1066,"Tuesday 22 Jul 2014","3 16 17 19 24 25 35 ","14 33 "
oz_lotto,1065,"Tuesday 15 Jul 2014","1 3 10 14 22 29 37 ","13 15 "
oz_lotto,1064,"Tuesday 08 Jul 2014","7 14 28 30 39 41 42 ","8 34 "
oz_lotto,1063,"Tuesday 01 Jul 2014","1 10 11 15 19 20 44 ","4 28 "
oz_lotto,1062,"Tuesday 24 Jun 2014","8 12 26 32 36 40 41 ","2 10 "
oz_lotto,1061,"Tuesday 17 Jun 2014","1 3 7 23 36 37 41 ","10 32 "
oz_lotto,1060,"Tuesday 10 Jun 2014","1 2 16 17 32 34 44 ","5 35 "
oz_lotto,1059,"Tuesday 03 Jun 2014","5 8 14 20 21 35 40 ","22 41 "
oz_lotto,1058,"Tuesday 27 May 2014","2 3 12 19 23 32 40 ","6 37 "
oz_lotto,1057,"Tuesday 20 May 2014","4 5 7 16 26 31 39 ","9 32 "
oz_lotto,1056,"Tuesday 13 May 2014","4 6 14 20 23 26 35 ","19 40 "
oz_lotto,1055,"Tuesday 06 May 2014","3 11 15 25 28 29 41 ","4 43 "
oz_lotto,1054,"Wednesday 30 Apr 2014","1 4 7 10 12 25 35 ","5 33 "
oz_lotto,1053,"Wednesday 23 Apr 2014","4 5 12 30 35 36 43 ","16 40 "
oz_lotto,1052,"Wednesday 16 Apr 2014","5 17 22 27 29 31 35 ","12 38 "
oz_lotto,1051,"Wednesday 09 Apr 2014","6 12 18 19 24 25 35 ","23 31 "
oz_lotto,1050,"Wednesday 02 Apr 2014","1 10 16 19 21 31 40 ","17 42 "
oz_lotto,1049,"Wednesday 26 Mar 2014","15 16 23 29 33 40 45 ","22 41 "
oz_lotto,1048,"Wednesday 19 Mar 2014","2 4 19 24 30 33 38 ","3 20 "
oz_lotto,1047,"Wednesday 12 Mar 2014","14 16 17 19 22 41 43 ","7 44 "
oz_lotto,1046,"Wednesday 05 Mar 2014","24 30 32 34 38 41 42 ","13 28 "
oz_lotto,1045,"Wednesday 26 Feb 2014","3 16 20 21 34 37 38 ","6 13 "
oz_lotto,1044,"Wednesday 19 Feb 2014","1 4 7 11 27 30 36 ","19 25 "
oz_lotto,1043,"Wednesday 12 Feb 2014","7 15 20 22 28 36 38 ","21 26 "
oz_lotto,1042,"Wednesday 05 Feb 2014","3 5 22 26 39 43 44 ","8 15 "
oz_lotto,1041,"Wednesday 29 Jan 2014","4 14 22 25 26 31 36 ","12 30 "
oz_lotto,1040,"Wednesday 22 Jan 2014","1 7 16 23 29 31 42 ","15 30 "
oz_lotto,1039,"Wednesday 15 Jan 2014","21 22 24 36 40 44 45 ","4 38 "
oz_lotto,1038,"Wednesday 08 Jan 2014","14 17 19 20 21 28 29 ","1 45 "
oz_lotto,1037,"Wednesday 01 Jan 2014","4 7 9 13 14 36 41 ","43 44 "
oz_lotto,1036,"Wednesday 25 Dec 2013","4 6 22 24 33 36 42 ","7 16 "
oz_lotto,1035,"Wednesday 18 Dec 2013","17 20 24 26 34 36 39 ","22 23 "
oz_lotto,1034,"Wednesday 11 Dec 2013","9 11 20 35 38 42 43 ","8 32 "
oz_lotto,1033,"Wednesday 04 Dec 2013","2 19 20 21 23 33 40 ","18 44 "
oz_lotto,1032,"Wednesday 27 Nov 2013","5 6 12 24 26 31 40 ","11 43 "
oz_lotto,1031,"Wednesday 20 Nov 2013","7 9 19 30 37 42 44 ","11 33 "
oz_lotto,1030,"Wednesday 13 Nov 2013","5 6 8 29 30 36 38 ","16 43 "
oz_lotto,1029,"Wednesday 06 Nov 2013","3 6 10 17 18 37 45 ","19 25 "
oz_lotto,1028,"Wednesday 30 Oct 2013","7 13 29 32 39 43 45 ","16 36 "
oz_lotto,1027,"Wednesday 23 Oct 2013","7 15 20 21 24 28 42 ","8 40 "
oz_lotto,1026,"Wednesday 16 Oct 2013","2 5 10 18 22 36 39 ","1 11 "
oz_lotto,1025,"Wednesday 09 Oct 2013","5 24 28 32 38 39 45 ","29 30 "
oz_lotto,1024,"Wednesday 02 Oct 2013","1 8 11 12 27 36 42 ","9 13 "
oz_lotto,1023,"Wednesday 25 Sep 2013","10 14 20 33 37 42 43 ","9 40 "
oz_lotto,1022,"Wednesday 18 Sep 2013","8 9 24 27 31 41 44 ","13 38 "
oz_lotto,1021,"Wednesday 11 Sep 2013","12 18 20 21 29 37 40 ","8 13 "
oz_lotto,1020,"Wednesday 04 Sep 2013","8 18 22 23 26 28 31 ","7 34 "
oz_lotto,1019,"Wednesday 28 Aug 2013","7 18 19 28 31 33 37 ","10 21 "
oz_lotto,1018,"Wednesday 21 Aug 2013","7 9 17 26 36 38 45 ","41 44 "
oz_lotto,1017,"Wednesday 14 Aug 2013","1 11 14 30 31 33 43 ","15 27 "
oz_lotto,1016,"Wednesday 07 Aug 2013","16 25 27 29 30 33 37 ","3 21 "
oz_lotto,1015,"Wednesday 31 Jul 2013","3 7 13 16 21 29 39 ","9 43 "
oz_lotto,1014,"Wednesday 24 Jul 2013","8 28 31 34 37 40 41 ","39 42 "
oz_lotto,1013,"Wednesday 17 Jul 2013","2 6 9 33 36 42 43 ","21 35 "
oz_lotto,1012,"Wednesday 10 Jul 2013","1 2 7 11 13 17 41 ","33 40 "
oz_lotto,1011,"Wednesday 03 Jul 2013","13 15 20 31 38 42 45 ","18 35 "
oz_lotto,1010,"Wednesday 26 Jun 2013","4 7 10 16 17 20 41 ","5 36 "
oz_lotto,1009,"Wednesday 19 Jun 2013","1 9 20 29 31 35 40 ","27 44 "
oz_lotto,1008,"Wednesday 12 Jun 2013","3 6 24 25 26 29 38 ","19 30 "
oz_lotto,1007,"Wednesday 05 Jun 2013","2 5 17 18 22 26 41 ","10 40 "
oz_lotto,1006,"Wednesday 29 May 2013","1 14 25 26 30 31 35 ","18 27 "
oz_lotto,1005,"Wednesday 22 May 2013","2 3 19 23 39 41 43 ","11 33 "
oz_lotto,1004,"Wednesday 15 May 2013","1 9 12 13 22 26 41 ","34 39 "
oz_lotto,1003,"Wednesday 08 May 2013","16 18 24 28 31 35 44 ","4 20 "
oz_lotto,1002,"Wednesday 01 May 2013","6 12 26 27 32 39 44 ","14 41 "
oz_lotto,1001,"Wednesday 24 Apr 2013","7 12 19 27 35 39 41 ","8 21 "
oz_lotto,1000,"Wednesday 17 Apr 2013","4 7 16 22 24 37 40 ","20 43 "
oz_lotto,999,"Wednesday 10 Apr 2013","3 6 8 23 32 36 45 ","15 21 "
oz_lotto,998,"Wednesday 03 Apr 2013","7 12 17 35 40 42 44 ","30 36 "
oz_lotto,997,"Wednesday 27 Mar 2013","14 18 19 21 25 43 44 ","12 20 "
oz_lotto,996,"Wednesday 20 Mar 2013","1 7 11 26 33 37 40 ","2 27 "
oz_lotto,995,"Wednesday 13 Mar 2013","3 8 10 21 28 38 40 ","19 42 "
oz_lotto,994,"Wednesday 06 Mar 2013","2 3 5 11 26 27 44 ","19 45 "
oz_lotto,993,"Wednesday 27 Feb 2013","7 8 10 12 18 23 34 ","26 35 "
oz_lotto,992,"Wednesday 20 Feb 2013","1 2 18 20 27 35 41 ","22 28 "
oz_lotto,991,"Wednesday 13 Feb 2013","2 3 5 16 28 42 43 ","27 39 "
oz_lotto,990,"Wednesday 06 Feb 2013","17 19 27 30 37 42 45 ","8 18 "
oz_lotto,989,"Wednesday 30 Jan 2013","6 19 22 34 36 38 39 ","17 40 "
oz_lotto,988,"Wednesday 23 Jan 2013","1 14 24 27 28 30 39 ","8 17 "
oz_lotto,987,"Wednesday 16 Jan 2013","7 17 21 28 34 36 44 ","25 31 "
oz_lotto,986,"Wednesday 09 Jan 2013","1 13 15 30 35 39 40 ","25 33 "
oz_lotto,985,"Wednesday 02 Jan 2013","8 19 25 28 30 39 42 ","43 44 "
oz_lotto,984,"Wednesday 26 Dec 2012","2 5 15 16 20 28 32 ","10 24 "
oz_lotto,983,"Wednesday 19 Dec 2012","12 15 19 22 36 41 43 ","1 38 "
oz_lotto,982,"Wednesday 12 Dec 2012","3 5 12 15 21 25 30 ","20 32 "
oz_lotto,981,"Wednesday 05 Dec 2012","1 3 7 14 21 24 31 ","10 34 "
oz_lotto,980,"Wednesday 28 Nov 2012","1 9 13 16 22 33 34 ","4 5 "
oz_lotto,979,"Wednesday 21 Nov 2012","19 24 26 34 39 43 44 ","5 31 "
oz_lotto,978,"Wednesday 14 Nov 2012","3 7 8 12 17 37 39 ","23 32 "
oz_lotto,977,"Wednesday 07 Nov 2012","2 7 8 13 15 29 43 ","20 21 "
oz_lotto,976,"Wednesday 31 Oct 2012","4 5 8 16 21 26 31 ","32 41 "
oz_lotto,975,"Wednesday 24 Oct 2012","2 14 16 21 25 27 41 ","32 43 "
oz_lotto,974,"Wednesday 17 Oct 2012","4 5 8 16 23 44 45 ","24 36 "
oz_lotto,973,"Wednesday 10 Oct 2012","1 4 12 15 22 33 43 ","30 45 "
oz_lotto,972,"Wednesday 03 Oct 2012","2 11 13 15 28 33 41 ","16 17 "
oz_lotto,971,"Wednesday 26 Sep 2012","5 15 29 35 40 44 45 ","12 36 "
oz_lotto,970,"Wednesday 19 Sep 2012","6 7 11 12 14 16 17 ","10 39 "
oz_lotto,969,"Wednesday 12 Sep 2012","1 9 10 12 20 26 32 ","17 19 "
oz_lotto,968,"Wednesday 05 Sep 2012","6 18 20 32 33 34 44 ","2 23 "
oz_lotto,967,"Wednesday 29 Aug 2012","12 25 26 28 35 39 42 ","5 18 "
oz_lotto,966,"Wednesday 22 Aug 2012","5 18 32 33 35 36 44 ","4 39 "
oz_lotto,965,"Wednesday 15 Aug 2012","4 7 14 18 19 28 42 ","27 40 "
oz_lotto,964,"Wednesday 08 Aug 2012","3 4 15 19 28 38 44 ","25 42 "
oz_lotto,963,"Wednesday 01 Aug 2012","1 5 8 14 17 19 20 ","2 18 "
oz_lotto,962,"Wednesday 25 Jul 2012","6 20 29 31 36 40 43 ","2 17 "
oz_lotto,961,"Wednesday 18 Jul 2012","3 4 16 17 20 32 34 ","38 41 "
oz_lotto,960,"Wednesday 11 Jul 2012","1 4 9 19 20 37 40 ","7 24 "
oz_lotto,959,"Wednesday 04 Jul 2012","19 21 24 28 32 34 45 ","16 18 "
oz_lotto,958,"Wednesday 27 Jun 2012","1 7 11 17 19 25 43 ","14 21 "
oz_lotto,957,"Wednesday 20 Jun 2012","1 2 4 10 16 31 39 ","18 21 "
oz_lotto,956,"Wednesday 13 Jun 2012","7 8 10 26 33 42 45 ","30 37 "
oz_lotto,955,"Wednesday 06 Jun 2012","1 12 30 33 34 37 44 ","27 38 "
oz_lotto,954,"Wednesday 30 May 2012","3 11 29 35 37 43 45 ","5 24 "
oz_lotto,953,"Wednesday 23 May 2012","6 12 14 22 33 38 45 ","13 19 "
oz_lotto,952,"Wednesday 16 May 2012","7 10 14 17 19 38 45 ","20 25 "
oz_lotto,951,"Wednesday 09 May 2012","6 8 17 28 34 41 42 ","4 19 "
oz_lotto,950,"Wednesday 02 May 2012","2 6 25 29 34 36 37 ","3 8 "
oz_lotto,949,"Wednesday 25 Apr 2012","4 6 11 16 19 27 45 ","13 43 "
oz_lotto,948,"Wednesday 18 Apr 2012","9 21 24 27 35 38 40 ","30 39 "
oz_lotto,947,"Wednesday 11 Apr 2012","6 15 22 35 36 42 45 ","10 23 "
oz_lotto,946,"Wednesday 04 Apr 2012","7 10 19 21 27 36 44 ","2 8 "
oz_lotto,945,"Wednesday 28 Mar 2012","3 11 15 17 18 24 39 ","23 34 "
oz_lotto,944,"Wednesday 21 Mar 2012","3 5 15 22 23 34 40 ","2 26 "
oz_lotto,943,"Wednesday 14 Mar 2012","3 23 26 29 32 33 42 ","13 36 "
oz_lotto,942,"Wednesday 07 Mar 2012","5 7 15 21 29 32 41 ","36 37 "
oz_lotto,941,"Wednesday 29 Feb 2012","5 8 12 17 28 30 43 ","25 31 "
oz_lotto,940,"Wednesday 22 Feb 2012","6 13 14 19 31 41 45 ","9 28 "
oz_lotto,939,"Wednesday 15 Feb 2012","7 10 23 25 27 31 43 ","20 34 "
oz_lotto,938,"Wednesday 08 Feb 2012","1 5 20 21 25 33 39 ","29 41 "
oz_lotto,937,"Wednesday 01 Feb 2012","1 9 12 14 18 32 39 ","11 25 "
oz_lotto,936,"Wednesday 25 Jan 2012","10 12 13 27 29 40 44 ","15 18 "
oz_lotto,935,"Wednesday 18 Jan 2012","2 5 7 11 13 31 32 ","21 27 "
oz_lotto,934,"Wednesday 11 Jan 2012","5 6 7 8 37 39 44 ","33 40 "
oz_lotto,933,"Wednesday 04 Jan 2012","1 22 31 34 35 39 42 ","6 43 "
oz_lotto,932,"Wednesday 28 Dec 2011","6 9 12 18 20 35 38 ","13 41 "
oz_lotto,931,"Wednesday 21 Dec 2011","7 8 9 21 29 36 40 ","10 32 "
oz_lotto,930,"Wednesday 14 Dec 2011","11 18 21 25 29 42 45 ","23 40 "
oz_lotto,929,"Wednesday 07 Dec 2011","2 8 12 24 29 30 33 ","11 17 "
oz_lotto,928,"Wednesday 30 Nov 2011","5 6 9 12 15 33 34 ","1 4 "
oz_lotto,927,"Wednesday 23 Nov 2011","5 10 11 16 21 25 37 ","12 39 "
oz_lotto,926,"Wednesday 16 Nov 2011","6 7 8 9 20 22 28 ","29 39 "
oz_lotto,925,"Wednesday 09 Nov 2011","1 3 6 15 18 21 34 ","12 28 "
oz_lotto,924,"Wednesday 02 Nov 2011","5 12 17 23 25 31 44 ","13 19 "
oz_lotto,923,"Wednesday 26 Oct 2011","3 16 29 33 34 35 36 ","14 31 "
oz_lotto,922,"Wednesday 19 Oct 2011","6 10 15 16 36 43 45 ","9 44 "
oz_lotto,921,"Wednesday 12 Oct 2011","6 8 12 25 32 39 44 ","10 41 "
oz_lotto,920,"Wednesday 05 Oct 2011","1 2 9 19 25 36 42 ","5 6 "
oz_lotto,919,"Wednesday 28 Sep 2011","15 21 23 26 32 34 40 ","22 37 "
oz_lotto,918,"Wednesday 21 Sep 2011","1 4 17 19 22 27 29 ","8 28 "
oz_lotto,917,"Wednesday 14 Sep 2011","6 18 20 24 31 37 38 ","8 21 "
oz_lotto,916,"Wednesday 07 Sep 2011","2 5 16 20 27 40 44 ","22 31 "
oz_lotto,915,"Wednesday 31 Aug 2011","4 8 16 22 28 34 41 ","13 20 "
oz_lotto,914,"Wednesday 24 Aug 2011","7 9 12 18 26 27 39 ","8 30 "
oz_lotto,913,"Wednesday 17 Aug 2011","5 18 22 24 25 39 41 ","6 16 "
oz_lotto,912,"Wednesday 10 Aug 2011","6 14 26 27 29 33 39 ","23 30 "
oz_lotto,911,"Wednesday 03 Aug 2011","2 4 20 25 27 29 42 ","17 32 "
oz_lotto,910,"Wednesday 27 Jul 2011","10 21 23 27 35 41 45 ","37 39 "
oz_lotto,909,"Wednesday 20 Jul 2011","5 8 9 20 24 27 34 ","7 23 "
oz_lotto,908,"Wednesday 13 Jul 2011","7 8 16 21 24 27 35 ","5 33 "
oz_lotto,907,"Wednesday 06 Jul 2011","6 20 28 29 33 34 40 ","8 21 "
oz_lotto,906,"Wednesday 29 Jun 2011","3 16 20 23 27 28 35 ","17 33 "
oz_lotto,905,"Wednesday 22 Jun 2011","15 16 17 19 31 37 42 ","39 44 "
oz_lotto,904,"Wednesday 15 Jun 2011","1 3 4 13 15 21 26 ","14 27 "
oz_lotto,903,"Wednesday 08 Jun 2011","7 8 9 15 17 28 41 ","6 25 "
oz_lotto,902,"Wednesday 01 Jun 2011","4 25 33 36 41 43 45 ","19 21 "
oz_lotto,901,"Wednesday 25 May 2011","7 9 15 21 24 25 40 ","3 38 "
oz_lotto,900,"Wednesday 18 May 2011","10 11 14 26 29 33 39 ","21 42 "
oz_lotto,899,"Wednesday 11 May 2011","12 15 17 30 34 35 37 ","4 5 "
oz_lotto,898,"Wednesday 04 May 2011","10 19 34 36 40 42 45 ","7 8 "
oz_lotto,897,"Wednesday 27 Apr 2011","22 25 29 36 41 42 44 ","16 21 "
oz_lotto,896,"Wednesday 20 Apr 2011","9 11 19 20 35 43 45 ","27 37 "
oz_lotto,895,"Wednesday 13 Apr 2011","5 9 13 18 29 40 41 ","14 19 "
oz_lotto,894,"Wednesday 06 Apr 2011","18 21 24 40 42 43 45 ","10 44 "
oz_lotto,893,"Wednesday 30 Mar 2011","3 17 24 25 27 34 41 ","43 45 "
oz_lotto,892,"Wednesday 23 Mar 2011","10 13 15 16 37 39 44 ","24 40 "
oz_lotto,891,"Wednesday 16 Mar 2011","8 15 16 25 26 28 41 ","24 35 "
oz_lotto,890,"Wednesday 09 Mar 2011","7 13 16 20 28 29 36 ","6 45 "
oz_lotto,889,"Wednesday 02 Mar 2011","8 12 14 16 20 33 38 ","41 43 "
oz_lotto,888,"Wednesday 23 Feb 2011","2 5 16 18 26 28 39 ","15 31 "
oz_lotto,887,"Wednesday 16 Feb 2011","7 11 20 29 32 37 41 ","9 33 "
oz_lotto,886,"Wednesday 09 Feb 2011","14 15 18 23 26 30 41 ","5 43 "
oz_lotto,885,"Wednesday 02 Feb 2011","11 23 27 33 34 37 38 ","4 14 "
oz_lotto,884,"Wednesday 26 Jan 2011","5 16 17 28 30 34 41 ","9 26 "
oz_lotto,883,"Wednesday 19 Jan 2011","2 4 14 19 21 36 38 ","8 35 "
oz_lotto,882,"Wednesday 12 Jan 2011","9 12 17 27 28 33 34 ","14 20 "
oz_lotto,881,"Wednesday 05 Jan 2011","3 4 24 33 39 40 45 ","13 20 "
oz_lotto,880,"Wednesday 29 Dec 2010","6 14 22 35 36 37 43 ","10 20 "
oz_lotto,879,"Wednesday 22 Dec 2010","7 8 13 26 35 38 42 ","2 16 "
oz_lotto,878,"Wednesday 15 Dec 2010","5 12 22 28 33 34 38 ","13 40 "
oz_lotto,877,"Wednesday 08 Dec 2010","1 19 23 25 27 36 40 ","7 24 "
oz_lotto,876,"Wednesday 01 Dec 2010","7 8 20 22 25 26 39 ","38 40 "
oz_lotto,875,"Wednesday 24 Nov 2010","2 5 7 20 22 43 45 ","14 24 "
oz_lotto,874,"Wednesday 17 Nov 2010","12 26 28 33 36 38 43 ","11 14 "
oz_lotto,873,"Wednesday 10 Nov 2010","4 10 25 27 35 36 39 ","6 16 "
oz_lotto,872,"Wednesday 03 Nov 2010","11 14 23 30 32 38 43 ","12 19 "
oz_lotto,871,"Wednesday 27 Oct 2010","6 8 20 32 36 40 44 ","1 28 "
oz_lotto,870,"Wednesday 20 Oct 2010","8 13 19 27 35 38 45 ","23 44 "
oz_lotto,869,"Wednesday 13 Oct 2010","1 4 7 22 37 38 40 ","9 42 "
oz_lotto,868,"Wednesday 06 Oct 2010","3 8 23 26 27 29 41 ","1 13 "
oz_lotto,867,"Wednesday 29 Sep 2010","6 15 25 26 32 33 40 ","14 42 "
oz_lotto,866,"Wednesday 22 Sep 2010","8 9 16 35 38 39 44 ","17 40 "
oz_lotto,865,"Wednesday 15 Sep 2010","18 23 24 25 29 34 41 ","37 38 "
oz_lotto,864,"Wednesday 08 Sep 2010","3 8 27 28 34 40 44 ","6 23 "
oz_lotto,863,"Wednesday 01 Sep 2010","8 13 16 23 30 33 40 ","3 24 "
oz_lotto,862,"Wednesday 25 Aug 2010","2 4 12 17 19 33 44 ","5 20 "
oz_lotto,861,"Wednesday 18 Aug 2010","2 3 15 17 23 30 44 ","5 14 "
oz_lotto,860,"Wednesday 11 Aug 2010","11 16 21 22 25 28 41 ","14 39 "
oz_lotto,859,"Wednesday 04 Aug 2010","3 15 19 27 31 40 41 ","28 45 "
oz_lotto,858,"Wednesday 28 Jul 2010","1 8 12 19 26 30 40 ","6 28 "
oz_lotto,857,"Wednesday 21 Jul 2010","3 5 6 7 13 23 34 ","2 19 "
oz_lotto,856,"Wednesday 14 Jul 2010","6 13 16 23 27 31 39 ","1 45 "
oz_lotto,855,"Wednesday 07 Jul 2010","9 19 29 30 34 40 45 ","6 33 "
oz_lotto,854,"Wednesday 30 Jun 2010","1 17 21 22 31 34 45 ","7 40 "
oz_lotto,853,"Wednesday 23 Jun 2010","2 3 6 14 23 29 41 ","10 35 "
oz_lotto,852,"Wednesday 16 Jun 2010","8 10 15 18 29 32 38 ","3 39 "
oz_lotto,851,"Wednesday 09 Jun 2010","5 15 21 26 35 40 43 ","12 37 "
oz_lotto,850,"Wednesday 02 Jun 2010","6 14 15 16 18 30 40 ","20 23 "
oz_lotto,849,"Wednesday 26 May 2010","15 24 25 28 36 37 44 ","7 26 "
oz_lotto,848,"Wednesday 19 May 2010","13 18 22 27 33 38 42 ","29 40 "
oz_lotto,847,"Wednesday 12 May 2010","7 10 13 15 18 27 45 ","3 29 "
oz_lotto,846,"Wednesday 05 May 2010","5 14 16 18 19 20 28 ","34 36 "
oz_lotto,845,"Wednesday 28 Apr 2010","3 4 6 12 18 22 42 ","35 37 "
oz_lotto,844,"Wednesday 21 Apr 2010","1 9 11 17 30 39 44 ","13 15 "
oz_lotto,843,"Wednesday 14 Apr 2010","17 19 20 21 22 23 33 ","26 32 "
oz_lotto,842,"Wednesday 07 Apr 2010","2 11 15 36 39 41 43 ","25 42 "
oz_lotto,841,"Wednesday 31 Mar 2010","2 25 28 29 35 39 40 ","14 31 "
oz_lotto,840,"Wednesday 24 Mar 2010","6 9 14 23 26 30 44 ","24 40 "
oz_lotto,839,"Wednesday 17 Mar 2010","2 3 13 27 31 37 38 ","12 36 "
oz_lotto,838,"Wednesday 10 Mar 2010","8 25 39 42 43 44 45 ","5 26 "
oz_lotto,837,"Wednesday 03 Mar 2010","1 2 19 24 26 37 43 ","18 31 "
oz_lotto,836,"Wednesday 24 Feb 2010","2 8 14 17 22 34 35 ","10 23 "
oz_lotto,835,"Wednesday 17 Feb 2010","1 19 20 21 26 37 44 ","4 39 "
oz_lotto,834,"Wednesday 10 Feb 2010","5 18 23 24 28 42 44 ","15 32 "
oz_lotto,833,"Wednesday 03 Feb 2010","19 22 28 29 32 34 38 ","5 17 "
oz_lotto,832,"Wednesday 27 Jan 2010","17 21 32 37 38 40 44 ","1 36 "
oz_lotto,831,"Wednesday 20 Jan 2010","7 18 20 33 37 38 40 ","14 30 "
oz_lotto,830,"Wednesday 13 Jan 2010","14 18 23 31 33 37 40 ","22 42 "
oz_lotto,829,"Wednesday 06 Jan 2010","3 6 10 11 26 35 39 ","25 32 "
oz_lotto,828,"Wednesday 30 Dec 2009","6 12 13 22 27 28 33 ","16 23 "
oz_lotto,827,"Wednesday 23 Dec 2009","1 2 20 35 36 44 45 ","6 26 "
oz_lotto,826,"Wednesday 16 Dec 2009","7 12 22 28 29 32 37 ","34 36 "
oz_lotto,825,"Wednesday 09 Dec 2009","7 11 29 34 35 42 45 ","3 4 "
oz_lotto,824,"Wednesday 02 Dec 2009","2 8 10 18 24 27 28 ","25 36 "
oz_lotto,823,"Wednesday 25 Nov 2009","7 22 23 24 31 36 39 ","9 34 "
oz_lotto,822,"Wednesday 18 Nov 2009","4 6 25 27 31 33 34 ","19 41 "
oz_lotto,821,"Wednesday 11 Nov 2009","1 16 24 25 31 35 36 ","21 28 "
oz_lotto,820,"Wednesday 04 Nov 2009","2 4 6 7 15 17 36 ","9 25 "
oz_lotto,819,"Wednesday 28 Oct 2009","4 7 20 25 42 43 45 ","27 37 "
oz_lotto,818,"Wednesday 21 Oct 2009","6 24 25 27 32 36 38 ","23 26 "
oz_lotto,817,"Wednesday 14 Oct 2009","10 14 26 27 30 39 44 ","7 15 "
oz_lotto,816,"Wednesday 07 Oct 2009","5 12 17 22 28 34 45 ","18 27 "
oz_lotto,815,"Wednesday 30 Sep 2009","7 12 25 27 28 35 36 ","24 37 "
oz_lotto,814,"Wednesday 23 Sep 2009","7 18 19 20 21 24 26 ","23 44 "
oz_lotto,813,"Wednesday 16 Sep 2009","7 13 15 19 27 35 43 ","6 36 "
oz_lotto,812,"Wednesday 09 Sep 2009","2 3 7 20 21 24 35 ","1 19 "
oz_lotto,811,"Wednesday 02 Sep 2009","9 16 28 29 37 42 45 ","33 44 "
oz_lotto,810,"Wednesday 26 Aug 2009","5 11 16 17 24 39 41 ","22 30 "
oz_lotto,809,"Wednesday 19 Aug 2009","16 19 20 24 34 36 41 ","28 44 "
oz_lotto,808,"Wednesday 12 Aug 2009","6 8 17 29 40 41 43 ","4 9 "
oz_lotto,807,"Wednesday 05 Aug 2009","2 11 13 22 25 39 42 ","12 41 "
oz_lotto,806,"Wednesday 29 Jul 2009","3 6 10 11 15 35 43 ","13 29 "
oz_lotto,805,"Wednesday 22 Jul 2009","1 4 7 12 16 34 44 ","6 43 "
oz_lotto,804,"Wednesday 15 Jul 2009","2 8 9 19 27 33 34 ","18 40 "
oz_lotto,803,"Wednesday 08 Jul 2009","1 8 26 31 34 35 44 ","19 42 "
oz_lotto,802,"Wednesday 01 Jul 2009","3 12 21 23 29 38 40 ","22 43 "
oz_lotto,801,"Wednesday 24 Jun 2009","9 15 18 21 23 31 40 ","3 19 "
oz_lotto,800,"Wednesday 17 Jun 2009","1 7 22 24 29 32 41 ","17 36 "
oz_lotto,799,"Wednesday 10 Jun 2009","3 19 28 30 34 40 44 ","16 27 "
oz_lotto,798,"Wednesday 03 Jun 2009","3 20 22 32 33 43 45 ","6 34 "
oz_lotto,797,"Wednesday 27 May 2009","5 18 19 20 41 43 44 ","39 40 "
oz_lotto,796,"Wednesday 20 May 2009","11 12 17 18 21 22 25 ","28 35 "
oz_lotto,795,"Wednesday 13 May 2009","2 7 25 28 32 35 40 ","16 21 "
oz_lotto,794,"Wednesday 06 May 2009","6 10 12 20 24 31 42 ","11 26 "
oz_lotto,793,"Wednesday 29 Apr 2009","1 13 21 24 25 36 43 ","6 33 "
oz_lotto,792,"Wednesday 22 Apr 2009","16 18 20 21 22 32 43 ","9 40 "
oz_lotto,791,"Wednesday 15 Apr 2009","1 5 11 20 27 28 33 ","34 38 "
oz_lotto,790,"Wednesday 08 Apr 2009","7 12 13 21 26 35 41 ","6 25 "
oz_lotto,789,"Wednesday 01 Apr 2009","5 8 13 15 35 41 44 ","3 17 "
oz_lotto,788,"Wednesday 25 Mar 2009","4 16 17 27 33 35 37 ","10 20 "
oz_lotto,787,"Wednesday 18 Mar 2009","6 16 23 25 27 32 37 ","26 40 "
oz_lotto,786,"Wednesday 11 Mar 2009","13 14 16 24 28 29 38 ","9 26 "
oz_lotto,785,"Wednesday 04 Mar 2009","3 8 11 26 29 33 35 ","6 12 "
oz_lotto,784,"Wednesday 25 Feb 2009","2 13 28 30 34 41 45 ","3 9 "
oz_lotto,783,"Wednesday 18 Feb 2009","2 4 20 23 30 41 45 ","6 35 "
oz_lotto,782,"Wednesday 11 Feb 2009","1 5 16 18 23 29 44 ","33 38 "
oz_lotto,781,"Wednesday 04 Feb 2009","5 7 8 17 24 32 35 ","12 42 "
oz_lotto,780,"Wednesday 28 Jan 2009","3 21 24 28 31 34 45 ","12 42 "
oz_lotto,779,"Wednesday 21 Jan 2009","8 15 23 27 35 37 45 ","16 22 "
oz_lotto,778,"Wednesday 14 Jan 2009","1 3 16 38 40 41 43 ","9 33 "
oz_lotto,777,"Wednesday 07 Jan 2009","5 10 27 30 32 37 45 ","35 44 "
oz_lotto,776,"Wednesday 31 Dec 2008","4 9 10 17 19 21 28 ","2 12 "
oz_lotto,775,"Wednesday 24 Dec 2008","5 28 31 33 35 39 45 ","9 32 "
oz_lotto,774,"Wednesday 17 Dec 2008","2 18 20 27 30 31 40 ","11 35 "
oz_lotto,773,"Wednesday 10 Dec 2008","1 7 12 17 24 26 34 ","13 33 "
oz_lotto,772,"Wednesday 03 Dec 2008","7 9 12 18 30 36 40 ","11 39 "
oz_lotto,771,"Wednesday 26 Nov 2008","5 14 19 27 29 30 35 ","20 37 "
oz_lotto,770,"Wednesday 19 Nov 2008","2 5 11 19 28 30 37 ","13 14 "
oz_lotto,769,"Wednesday 12 Nov 2008","2 5 12 15 19 34 43 ","3 32 "
oz_lotto,768,"Wednesday 05 Nov 2008","5 21 23 29 34 35 42 ","4 13 "
oz_lotto,767,"Wednesday 29 Oct 2008","2 11 12 16 20 27 37 ","5 29 "
oz_lotto,766,"Wednesday 22 Oct 2008","1 11 13 21 27 43 45 ","23 35 "
oz_lotto,765,"Wednesday 15 Oct 2008","2 6 11 17 22 26 45 ","20 24 "
oz_lotto,764,"Wednesday 08 Oct 2008","8 10 14 15 17 39 40 ","11 22 "
oz_lotto,763,"Wednesday 01 Oct 2008","1 6 12 15 29 36 42 ","10 26 "
oz_lotto,762,"Wednesday 24 Sep 2008","1 9 19 34 37 43 45 ","25 28 "
oz_lotto,761,"Wednesday 17 Sep 2008","1 3 19 22 24 26 44 ","41 45 "
oz_lotto,760,"Wednesday 10 Sep 2008","15 28 31 36 39 41 42 ","8 9 "
oz_lotto,759,"Wednesday 03 Sep 2008","10 15 17 25 28 31 39 ","19 30 "
oz_lotto,758,"Wednesday 27 Aug 2008","13 23 25 27 37 43 45 ","18 44 "
oz_lotto,757,"Wednesday 20 Aug 2008","5 9 10 17 25 42 43 ","4 11 "
oz_lotto,756,"Wednesday 13 Aug 2008","7 19 25 27 30 42 45 ","13 24 "
oz_lotto,755,"Wednesday 06 Aug 2008","11 17 29 33 34 44 45 ","7 40 "
oz_lotto,754,"Wednesday 30 Jul 2008","8 11 18 20 31 35 37 ","21 42 "
oz_lotto,753,"Wednesday 23 Jul 2008","3 5 16 17 33 40 44 ","7 31 "
oz_lotto,752,"Wednesday 16 Jul 2008","1 4 5 12 15 28 44 ","2 38 "
oz_lotto,751,"Wednesday 09 Jul 2008","4 10 18 22 30 31 35 ","3 45 "
oz_lotto,750,"Wednesday 02 Jul 2008","14 20 24 28 35 38 43 ","8 21 "
oz_lotto,749,"Wednesday 25 Jun 2008","9 14 16 30 31 39 45 ","22 41 "
oz_lotto,748,"Wednesday 18 Jun 2008","7 10 25 27 34 35 40 ","8 42 "
oz_lotto,747,"Wednesday 11 Jun 2008","7 14 15 29 34 35 40 ","3 38 "
oz_lotto,746,"Wednesday 04 Jun 2008","3 7 16 17 28 33 39 ","10 43 "
oz_lotto,745,"Wednesday 28 May 2008","8 10 14 16 25 26 28 ","33 44 "
oz_lotto,744,"Wednesday 21 May 2008","1 3 4 11 27 30 31 ","10 23 "
oz_lotto,743,"Wednesday 14 May 2008","13 16 17 24 25 27 32 ","5 20 "
oz_lotto,742,"Wednesday 07 May 2008","7 8 17 18 22 29 40 ","11 43 "
oz_lotto,741,"Wednesday 30 Apr 2008","2 6 11 13 16 23 40 ","3 15 "
oz_lotto,740,"Wednesday 23 Apr 2008","17 19 27 28 33 34 35 ","10 36 "
oz_lotto,739,"Wednesday 16 Apr 2008","6 12 14 24 30 33 34 ","32 35 "
oz_lotto,738,"Wednesday 09 Apr 2008","5 9 13 14 16 30 38 ","12 39 "
oz_lotto,737,"Wednesday 02 Apr 2008","3 13 14 15 18 28 40 ","12 42 "
oz_lotto,736,"Wednesday 26 Mar 2008","17 24 25 26 28 33 42 ","40 44 "
oz_lotto,735,"Wednesday 19 Mar 2008","7 11 15 25 38 39 45 ","26 32 "
oz_lotto,734,"Wednesday 12 Mar 2008","2 5 19 23 35 36 37 ","21 43 "
oz_lotto,733,"Wednesday 05 Mar 2008","4 6 13 15 16 32 33 ","7 24 "
oz_lotto,732,"Wednesday 27 Feb 2008","5 6 11 16 17 25 44 ","7 15 "
oz_lotto,731,"Wednesday 20 Feb 2008","3 11 19 21 23 24 33 ","29 42 "
oz_lotto,730,"Wednesday 13 Feb 2008","3 5 13 21 28 29 41 ","38 42 "
oz_lotto,729,"Wednesday 06 Feb 2008","2 4 5 10 12 25 29 ","15 39 "
oz_lotto,728,"Wednesday 30 Jan 2008","2 7 20 30 32 33 39 ","9 13 "
oz_lotto,727,"Wednesday 23 Jan 2008","15 19 21 22 26 39 45 ","18 37 "
oz_lotto,726,"Wednesday 16 Jan 2008","5 7 13 14 16 18 38 ","23 26 "
oz_lotto,725,"Wednesday 09 Jan 2008","10 11 12 14 21 29 31 ","26 33 "
oz_lotto,724,"Wednesday 02 Jan 2008","5 10 13 17 18 21 37 ","27 43 "
oz_lotto,723,"Wednesday 26 Dec 2007","8 9 26 32 34 37 39 ","21 31 "
oz_lotto,722,"Wednesday 19 Dec 2007","9 22 23 28 29 42 45 ","3 39 "
oz_lotto,721,"Wednesday 12 Dec 2007","9 15 20 26 36 38 44 ","28 34 "
oz_lotto,720,"Wednesday 05 Dec 2007","8 13 18 28 29 35 39 ","3 27 "
oz_lotto,719,"Wednesday 28 Nov 2007","6 9 12 21 23 32 42 ","13 28 "
oz_lotto,718,"Wednesday 21 Nov 2007","3 8 15 19 20 31 40 ","5 23 "
oz_lotto,717,"Wednesday 14 Nov 2007","2 3 18 30 35 36 39 ","10 13 "
oz_lotto,716,"Wednesday 07 Nov 2007","14 18 30 31 37 40 42 ","7 25 "
oz_lotto,715,"Wednesday 31 Oct 2007","10 12 17 18 22 27 29 ","31 35 "
oz_lotto,714,"Wednesday 24 Oct 2007","1 6 12 27 29 33 38 ","21 42 "
oz_lotto,713,"Wednesday 17 Oct 2007","2 3 4 6 31 32 37 ","16 35 "
oz_lotto,712,"Wednesday 10 Oct 2007","4 9 16 34 38 41 44 ","3 35 "
oz_lotto,711,"Wednesday 03 Oct 2007","13 20 26 32 35 38 43 ","7 25 "
oz_lotto,710,"Wednesday 26 Sep 2007","2 4 8 10 22 32 39 ","18 34 "
oz_lotto,709,"Wednesday 19 Sep 2007","11 19 23 28 32 36 39 ","16 31 "
oz_lotto,708,"Wednesday 12 Sep 2007","7 14 25 27 36 37 42 ","13 20 "
oz_lotto,707,"Wednesday 05 Sep 2007","2 10 11 26 30 34 40 ","14 19 "
oz_lotto,706,"Wednesday 29 Aug 2007","9 16 18 22 28 31 43 ","32 40 "
oz_lotto,705,"Wednesday 22 Aug 2007","12 13 17 24 26 27 37 ","6 7 "
oz_lotto,704,"Wednesday 15 Aug 2007","1 2 8 18 19 21 28 ","26 31 "
oz_lotto,703,"Wednesday 08 Aug 2007","1 4 14 15 26 27 33 ","5 28 "
oz_lotto,702,"Wednesday 01 Aug 2007","3 5 9 11 15 16 33 ","31 36 "
oz_lotto,701,"Wednesday 25 Jul 2007","6 11 14 17 23 38 45 ","25 33 "
oz_lotto,700,"Wednesday 18 Jul 2007","11 13 16 29 37 41 42 ","20 25 "
oz_lotto,699,"Wednesday 11 Jul 2007","3 15 24 29 32 37 45 ","9 27 "
oz_lotto,698,"Wednesday 04 Jul 2007","12 15 20 26 40 41 42 ","3 5 "
oz_lotto,697,"Wednesday 27 Jun 2007","10 27 30 34 35 40 43 ","25 44 "
oz_lotto,696,"Wednesday 20 Jun 2007","1 8 12 17 25 43 45 ","6 27 "
oz_lotto,695,"Wednesday 13 Jun 2007","1 2 3 25 26 35 36 ","8 37 "
oz_lotto,694,"Wednesday 06 Jun 2007","6 11 14 25 34 39 44 ","13 15 "
oz_lotto,693,"Wednesday 30 May 2007","6 14 15 16 35 37 44 ","4 26 "
oz_lotto,692,"Wednesday 23 May 2007","5 7 8 15 20 32 41 ","36 42 "
oz_lotto,691,"Wednesday 16 May 2007","1 6 14 23 31 32 41 ","21 38 "
oz_lotto,690,"Wednesday 09 May 2007","9 11 22 24 28 33 34 ","19 20 "
oz_lotto,689,"Wednesday 02 May 2007","8 20 23 27 32 41 45 ","21 28 "
oz_lotto,688,"Wednesday 25 Apr 2007","1 2 13 18 20 33 44 ","29 31 "
oz_lotto,687,"Wednesday 18 Apr 2007","4 5 7 17 40 42 45 ","2 29 "
oz_lotto,686,"Wednesday 11 Apr 2007","4 5 17 25 34 39 43 ","22 23 "
oz_lotto,685,"Wednesday 04 Apr 2007","4 12 26 31 33 35 44 ","1 14 "
oz_lotto,684,"Wednesday 28 Mar 2007","4 7 13 25 31 38 43 ","35 40 "
oz_lotto,683,"Wednesday 21 Mar 2007","10 14 17 24 30 34 37 ","26 40 "
oz_lotto,682,"Wednesday 14 Mar 2007","3 10 13 32 39 40 41 ","12 27 "
oz_lotto,681,"Wednesday 07 Mar 2007","1 2 4 17 33 35 39 ","6 45 "
oz_lotto,680,"Wednesday 28 Feb 2007","3 5 25 26 27 38 43 ","42 45 "
oz_lotto,679,"Wednesday 21 Feb 2007","3 6 9 11 22 38 44 ","18 30 "
oz_lotto,678,"Wednesday 14 Feb 2007","18 19 28 29 33 37 39 ","4 32 "
oz_lotto,677,"Wednesday 07 Feb 2007","3 14 19 28 36 40 43 ","12 27 "
oz_lotto,676,"Wednesday 31 Jan 2007","1 2 6 18 19 25 37 ","26 45 "
oz_lotto,675,"Wednesday 24 Jan 2007","8 18 19 23 28 29 38 ","24 27 "
oz_lotto,674,"Wednesday 17 Jan 2007","1 2 21 26 32 34 40 ","30 35 "
oz_lotto,673,"Wednesday 10 Jan 2007","2 16 20 22 29 33 44 ","8 13 "
oz_lotto,672,"Wednesday 03 Jan 2007","13 24 26 31 35 42 45 ","5 32 "
oz_lotto,671,"Wednesday 27 Dec 2006","17 23 27 32 35 36 39 ","41 44 "
oz_lotto,670,"Wednesday 20 Dec 2006","7 10 12 19 24 27 38 ","18 26 "
oz_lotto,669,"Wednesday 13 Dec 2006","6 10 18 20 27 33 37 ","17 25 "
oz_lotto,668,"Wednesday 06 Dec 2006","4 6 13 23 32 34 39 ","15 22 "
oz_lotto,667,"Wednesday 29 Nov 2006","7 8 14 16 23 24 41 ","21 26 "
oz_lotto,666,"Wednesday 22 Nov 2006","6 11 12 24 29 36 39 ","20 35 "
oz_lotto,665,"Wednesday 15 Nov 2006","2 4 9 18 29 36 43 ","1 20 "
oz_lotto,664,"Wednesday 08 Nov 2006","6 7 9 16 30 31 38 ","34 44 "
oz_lotto,663,"Wednesday 01 Nov 2006","3 6 21 25 33 37 43 ","4 29 "
oz_lotto,662,"Wednesday 25 Oct 2006","3 5 9 14 31 32 41 ","16 43 "
oz_lotto,661,"Wednesday 18 Oct 2006","11 22 32 33 37 42 45 ","24 41 "
oz_lotto,660,"Wednesday 11 Oct 2006","2 8 17 21 25 31 38 ","3 12 "
oz_lotto,659,"Wednesday 04 Oct 2006","8 18 23 24 33 34 43 ","25 32 "
oz_lotto,658,"Wednesday 27 Sep 2006","3 6 33 36 37 38 44 ","15 41 "
oz_lotto,657,"Wednesday 20 Sep 2006","2 3 5 15 21 34 43 ","11 17 "
oz_lotto,656,"Wednesday 13 Sep 2006","2 6 9 28 30 32 37 ","10 12 "
oz_lotto,655,"Wednesday 06 Sep 2006","15 17 20 22 23 39 45 ","8 12 "
oz_lotto,654,"Wednesday 30 Aug 2006","11 14 15 38 39 42 43 ","40 44 "
oz_lotto,653,"Wednesday 23 Aug 2006","17 19 22 39 41 43 44 ","23 29 "
oz_lotto,652,"Wednesday 16 Aug 2006","12 16 17 25 38 40 41 ","13 30 "
oz_lotto,651,"Wednesday 09 Aug 2006","4 20 24 27 29 31 35 ","16 25 "
oz_lotto,650,"Wednesday 02 Aug 2006","8 12 26 34 38 42 44 ","37 40 "
oz_lotto,649,"Wednesday 26 Jul 2006","5 13 16 27 33 37 45 ","18 41 "
oz_lotto,648,"Wednesday 19 Jul 2006","2 3 16 34 36 42 45 ","37 38 "
oz_lotto,647,"Wednesday 12 Jul 2006","2 8 10 28 36 42 43 ","13 40 "
oz_lotto,646,"Wednesday 05 Jul 2006","13 16 23 27 35 37 44 ","8 17 "
oz_lotto,645,"Wednesday 28 Jun 2006","8 16 22 26 29 32 43 ","7 27 "
oz_lotto,644,"Wednesday 21 Jun 2006","2 11 13 19 25 40 43 ","1 4 "
oz_lotto,643,"Wednesday 14 Jun 2006","3 11 12 14 17 28 40 ","1 8 "
oz_lotto,642,"Wednesday 07 Jun 2006","16 20 23 26 29 33 35 ","7 11 "
oz_lotto,641,"Wednesday 31 May 2006","1 2 20 24 26 33 43 ","29 30 "
oz_lotto,640,"Wednesday 24 May 2006","2 17 23 27 32 34 40 ","3 25 "
oz_lotto,639,"Wednesday 17 May 2006","3 9 12 15 17 23 29 ","19 22 "
oz_lotto,638,"Wednesday 10 May 2006","4 12 26 35 37 39 44 ","6 41 "
oz_lotto,637,"Wednesday 03 May 2006","13 24 25 30 31 41 44 ","19 35 "
oz_lotto,636,"Wednesday 26 Apr 2006","1 2 5 9 24 26 33 ","13 40 "
oz_lotto,635,"Wednesday 19 Apr 2006","4 8 10 16 19 22 25 ","15 20 "
oz_lotto,634,"Wednesday 12 Apr 2006","1 6 8 9 10 19 29 ","3 14 "
oz_lotto,633,"Wednesday 05 Apr 2006","19 20 22 27 32 38 45 ","15 39 "
oz_lotto,632,"Wednesday 29 Mar 2006","4 6 15 20 23 25 28 ","1 8 "
oz_lotto,631,"Wednesday 22 Mar 2006","13 21 22 23 27 32 39 ","10 35 "
oz_lotto,630,"Wednesday 15 Mar 2006","3 4 14 19 20 33 45 ","12 34 "
oz_lotto,629,"Wednesday 08 Mar 2006","1 7 8 9 20 43 45 ","24 30 "
oz_lotto,628,"Wednesday 01 Mar 2006","2 3 5 18 21 25 34 ","17 32 "
oz_lotto,627,"Wednesday 22 Feb 2006","6 17 25 27 33 41 45 ","1 9 "
oz_lotto,626,"Wednesday 15 Feb 2006","1 3 5 11 13 21 35 ","37 44 "
oz_lotto,625,"Wednesday 08 Feb 2006","4 5 23 26 28 30 32 ","11 21 "
oz_lotto,624,"Wednesday 01 Feb 2006","2 3 8 14 17 20 21 ","7 38 "
oz_lotto,623,"Wednesday 25 Jan 2006","3 8 20 22 23 37 41 ","21 28 "
oz_lotto,622,"Wednesday 18 Jan 2006","16 23 25 27 28 37 44 ","19 22 "
oz_lotto,621,"Wednesday 11 Jan 2006","2 4 11 26 36 38 41 ","19 20 "
oz_lotto,620,"Wednesday 04 Jan 2006","1 6 12 22 29 40 44 ","4 34 "
